,,2016postVFP_UL,,,,,,,,,,,,,,
,"Samples are ordered by categories, then within each category, alphanumerically.",,,,,,,,,,,,,,,
,,,,,,,,,,,,,,,,
,,Data,,,,,,,,,,,,,,
,sample_subsample,Full DAS string,nEvtTotal,"Lumi (pb-1)
(Golden JSON)",,,,True value,,,,,,,,
,,,,,,,,,,,,,,,,
,Muon_F,/SingleMuon/Run2016F-UL2016_MiniAODv2_NanoAODv9-v1/NANOAOD,8024195,,,,,8024195,,,,,,,,
,Muon_G,/SingleMuon/Run2016G-UL2016_MiniAODv2_NanoAODv9-v1/NANOAOD,149916849,,,,,147001643,,,,,,,,
,Muon_H,/SingleMuon/Run2016H-UL2016_MiniAODv2_NanoAODv9-v1/NANOAOD,174035164,,,,,174035164,,,,,,,,
,,,,,,,,,,,,,,,,
,EGamma_F,/SingleElectron/Run2016F-UL2016_MiniAODv2_NanoAODv9-v1/NANOAOD,8858206,,,,,8858206,,,,,,,,
,EGamma_G,/SingleElectron/Run2016G-UL2016_MiniAODv2_NanoAODv9-v1/NANOAOD,153363109,,,,,153363109,,,,,,,,
,EGamma_H,/SingleElectron/Run2016H-UL2016_MiniAODv2_NanoAODv9-v1/NANOAOD,129021893,,,,,129021893,,,,,,,,
,,,Total,16227.0000,,,,,,,,,,,,
,,Golden JSON = Cert_271036-284044_13TeV_Legacy2016_Collisions16_JSON.txt,,,,,,,,,,,,,,
,,,,,,,,,,,,,,,,
,,,,,,,,,,,,,,,,
,,,,,,,,,,,,,,,,
,,,,,,,,,,,,,,,,
,,,,,,,,,,,,,,,,
,,,,,,,,,,,,,,,,
,,,,,,,,,,,,,,,,
,,,,,,,,,,,,,,,,
,,,,,,,,,,,,,,,,
,,,,,,,,,,,,,,,,
,,,,,,,,,,,,,,,,
,,,,,,,,,,,,,,,,
,,MC (SM backgrounds),,,,,,,,,,,,,,
,sample_subsample,Full DAS string,xSec (pb),xSec (pb) (used),nEvtGen,nEvtPass,Accp (%),Lumi (pb-1),Comments/Source,,,,,,,
,,,,,,,,,,,,,,,,
,Single W production,,,,,,,,,,,,,,,
,WtoLNu_Inclusive,/WJetsToLNu_TuneCP5_13TeV-amcatnloFXFX-pythia8/RunIISummer20UL16NanoAODv9-106X_mcRun2_asymptotic_v17-v2/NANOAODSIM,6.748e+04 +- 6.117e+02,67480.0000,28268221,,0.000,418.913,,,,,,,,
,WtoLNu_70to100,/WJetsToLNu_HT-70To100_TuneCP5_13TeV-madgraphMLM-pythia8/RunIISummer20UL16NanoAODv9-106X_mcRun2_asymptotic_v17-v1/NANOAODSIM,1.267e+03 +- 5.402e+00,1267.0000,19439931,,0.000,15343.276,,,,,,,,
,WtoLNu_100to200,/WJetsToLNu_HT-100To200_TuneCP5_13TeV-madgraphMLM-pythia8/RunIISummer20UL16NanoAODv9-106X_mcRun2_asymptotic_v17-v1/NANOAODSIM,1.259e+03 +- 5.438e+00,1259.0000,19753958,,0.000,15690.197,,,,,,,,
,WtoLNu_200to400,/WJetsToLNu_HT-200To400_TuneCP5_13TeV-madgraphMLM-pythia8/RunIISummer20UL16NanoAODv9-106X_mcRun2_asymptotic_v17-v1/NANOAODSIM,3.372e+02 +- 1.513e+00,337.2000,15067621,,0.000,44684.523,,,,,,,,
,WtoLNu_400to600,/WJetsToLNu_HT-400To600_TuneCP5_13TeV-madgraphMLM-pythia8/RunIISummer20UL16NanoAODv9-106X_mcRun2_asymptotic_v17-v1/NANOAODSIM,4.516e+01 +- 1.971e-01,45.1600,2115509,,0.000,46844.752,,,,,,,,
,WtoLNu_600to800,/WJetsToLNu_HT-600To800_TuneCP5_13TeV-madgraphMLM-pythia8/RunIISummer20UL16NanoAODv9-106X_mcRun2_asymptotic_v17-v1/NANOAODSIM,1.091e+01 +- 4.864e-02,10.9100,1995122,,0.000,182870.944,,,,,,,,
,WtoLNu_800to1200,/WJetsToLNu_HT-800To1200_TuneCP5_13TeV-madgraphMLM-pythia8/RunIISummer20UL16NanoAODv9-106X_mcRun2_asymptotic_v17-v1/NANOAODSIM,4.937e+00 +- 2.171e-02,4.9370,2132228,,0.000,431887.381,,,,,,,,
,WtoLNu_1200to2500,/WJetsToLNu_HT-1200To2500_TuneCP5_13TeV-madgraphMLM-pythia8/RunIISummer20UL16NanoAODv9-106X_mcRun2_asymptotic_v17-v1/NANOAODSIM,1.156e+00 +- 6.101e-03,1.1560,2090561,,0.000,1808443.772,,,,,,,,
,WtoLNu_2500toInf,/WJetsToLNu_HT-2500ToInf_TuneCP5_13TeV-madgraphMLM-pythia8/RunIISummer20UL16NanoAODv9-106X_mcRun2_asymptotic_v17-v2/NANOAODSIM,2.643e-02 +- 1.817e-04,0.0264,709514,,,26845024.593,,,,,,,,
,WGtoLNuG_Inclusive,/WGToLNuG_01J_5f_TuneCP5_13TeV-amcatnloFXFX-pythia8/RunIISummer20UL16NanoAODv9-106X_mcRun2_asymptotic_v17-v1/NANOAODSIM,1.913e+02 +- 1.046e+00,191.3000,55939475,,0.000,292417.538,,,,,,,,
,,,,,,,,,,,,,,,,
,Single Z production,,,,,,,,,,,,,,,
,DYto2L_10to50,/DYJetsToLL_M-10to50_TuneCP5_13TeV-madgraphMLM-pythia8/RunIISummer20UL16NanoAODv9-106X_mcRun2_asymptotic_v17-v1/NANOAODSIM,1.589e+04 +- 2.550e+01,18610.0000,22388550,,0.000,1203.039,arXiv:2202.08676,,,,,,,
,DYto2L_50toInf,/DYJetsToLL_M-50_TuneCP5_13TeV-amcatnloFXFX-pythia8/RunIISummer20UL16NanoAODv9-106X_mcRun2_asymptotic_v17-v1/NANOAODSIM,5.361e+03 +- 4.847e+01,5675.0000,71839442,,0.000,12658.933,arXiv:2202.08676,,,,,,,
,DYGToLLG_Inclusive,/ZGToLLG_01J_5f_TuneCP5_13TeV-amcatnloFXFX-pythia8/RunIISummer20UL16NanoAODv9-106X_mcRun2_asymptotic_v17-v1/NANOAODSIM,5.144e+01 +- 3.608e-01,51.4400,31562465,,0.000,613578.247,,,,,,,,
,,,,,,,,,,,,,,,,
,TTBar production,,,,,,,,,,Production,decay of dau1,decay of dau2,permutation,Final xsec,https://twiki.cern.ch/twiki/bin/view/LHCPhysics/TtbarNNLO
,TT_TTto2L2Nu,/TTTo2L2Nu_TuneCP5_13TeV-powheg-pythia8/RunIISummer20UL16NanoAODv9-106X_mcRun2_asymptotic_v17-v1/NANOAODSIM,6.871e+02 +- 5.174e-01,88.2900,43546000,,0.000,493215.540,arXiv:2202.08676,,833.9,0.3258,0.3258,1,88.514849 ,
,TT_TTtoLNu2Q,/TTToSemiLeptonic_TuneCP5_13TeV-powheg-pythia8/RunIISummer20UL16NanoAODv9-106X_mcRun2_asymptotic_v17-v1/NANOAODSIM,6.871e+02 +- 5.174e-01,365.3400,144722000,,0.000,396129.633,arXiv:2202.08676,,833.9,0.3258,0.6741,2,366.285205 ,
,,,,,,,,,,,,,,,,
,Single top production,,,,,,,,,,Production,https://twiki.cern.ch/twiki/bin/view/LHCPhysics/SingleTopNNLORef,,,,
,ST_s-channel,/ST_s-channel_4f_leptonDecays_TuneCP5_13TeV-amcatnlo-pythia8/RunIISummer20UL16NanoAODv9-106X_mcRun2_asymptotic_v17-v1/NANOAODSIM,3.549e+00 +- 3.082e-03,3.7400,5471000,,0.000,1462834.225,arXiv:2202.08676,,11.073,,,,,
,ST_t-channel-antitop,/ST_t-channel_antitop_5f_InclusiveDecays_TuneCP5_13TeV-powheg-pythia8/RunIISummer20UL16NanoAODv9-106X_mcRun2_asymptotic_v17-v1/NANOAODSIM,6.793e+01 +- 4.479e-01,67.9300,29394000,,0.000,432710.143,,,80,,,,,
,ST_t-channel-top,/ST_t-channel_top_4f_InclusiveDecays_TuneCP5_13TeV-powheg-madspin-pythia8/RunIISummer20UL16NanoAODv9-106X_mcRun2_asymptotic_v17-v1/NANOAODSIM,1.134e+02 +- 8.831e-01,113.4000,63073000,,0.000,556199.295,,,134.2,,,,,
,,,,,,,,,,,,,,,,
,TW,,,,,,,,,,,,,,,
,TW_antitop,/ST_tW_antitop_5f_inclusiveDecays_TuneCP5_13TeV-powheg-pythia8/RunIISummer20UL16NanoAODv9-106X_mcRun2_asymptotic_v17-v2/NANOAODSIM,3.251e+01 +- 2.346e-02,32.5100,2554000,,0.000,78560.443,,,79.3,,,,,
,TW_top,/ST_tW_top_5f_inclusiveDecays_TuneCP5_13TeV-powheg-pythia8/RunIISummer20UL16NanoAODv9-106X_mcRun2_asymptotic_v17-v2/NANOAODSIM,3.245e+01 +- 2.338e-02,32.4500,2491000,,0.000,76764.253,,,79.3,,,,,
,,,,,,,,,,,,,,,,
,TT + V,,,,,,,,,,,,,,,
,TTV_TTWtoLNu,/TTZToLL_TuneCP5_13TeV_amcatnlo-pythia8/RunIISummer20UL16NanoAODv9-106X_mcRun2_asymptotic_v17-v2/NANOAODSIM,2.157e-01 +- 1.122e-03,0.2157,13454550,,0.000,62376216.968,,,,,,,,
,TTV_TTZtoLL,/TTWJetsToLNu_TuneCP5_13TeV-amcatnloFXFX-madspin-pythia8/RunIISummer20UL16NanoAODv9-106X_mcRun2_asymptotic_v17-v1/NANOAODSIM,7.468e-02 +- 1.473e-04,0.0747,3322643,,0.000,44491738.082,,,,,,,,
,,,,,,,,,,,,,,,,
,RareTop,,,,,,,,,,,,,,,
,RareTop_THQ,/THQ_ctcvcp_4f_Hincl_TuneCP5_13TeV_madgraph_pythia8/RunIISummer20UL16NanoAODv9-106X_mcRun2_asymptotic_v17-v2/NANOAODSIM,7.445e-01 +- 1.190e-03,0.3189,14939986,,0.000,46848497.962,arXiv:2202.08676,,,,,,,
,RareTop_THW,/THW_ctcvcp_HToGG_M130_TuneCP5_13TeV-madgraph-pythia8/RunIISummer20UL16NanoAODv9-106X_mcRun2_asymptotic_v17-v2/NANOAODSIM,1.476e-01 +- 2.754e-04,0.1503,98000,,0.000,652029.275,arXiv:2202.08676,,,,,,,
,RareTop_TTHH,/TTHH_TuneCP5_13TeV-madgraph-pythia8/RunIISummer20UL16NanoAODv9-106X_mcRun2_asymptotic_v17-v2/NANOAODSIM,6.679e-04 +- 9.961e-07,0.0007,152000,,0.000,228399699.474,arXiv:2202.08676,,,,,,,
,RareTop_TTTJ,/TTTJ_TuneCP5_13TeV-madgraph-pythia8/RunIISummer20UL16NanoAODv9-106X_mcRun2_asymptotic_v17-v2/NANOAODSIM,4.007e-04 +- 4.989e-07,0.0004,160000,,0.000,402617010.569,arXiv:2202.08676,,,,,,,
,RareTop_TTTT,/TTTT_TuneCP5_13TeV-amcatnlo-pythia8/RunIISummer20UL16NanoAODv9-106X_mcRun2_asymptotic_v17-v2/NANOAODSIM,8.091e-03 +- 1.165e-05,0.0082,4544000,,0.000,553269207.354,arXiv:2202.08676,,,,,,,
,RareTop_TTTW,/TTTW_TuneCP5_13TeV-madgraph-pythia8/RunIISummer20UL16NanoAODv9-106X_mcRun2_asymptotic_v17-v2/NANOAODSIM,7.310e-04 +- 1.001e-06,0.0007,159000,,0.000,216562244.620,arXiv:2202.08676,,,,,,,
,RareTop_TTWH,/TTWH_TuneCP5_13TeV-madgraph-pythia8/RunIISummer20UL16NanoAODv9-106X_mcRun2_asymptotic_v17-v2/NANOAODSIM,1.141e-03 +- 1.388e-06,0.0011,160000,,0.000,140227870.289,arXiv:2202.08676,,,,,,,
,RareTop_TTWW,/TTWW_TuneCP5_13TeV-madgraph-pythia8/RunIISummer20UL16NanoAODv9-106X_mcRun2_asymptotic_v17-v1/NANOAODSIM,6.994e-03 +- 7.821e-06,0.0070,309000,,0.000,44174410.293,arXiv:2202.08676,,,,,,,
,RareTop_TTWZ,/TTWZ_TuneCP5_13TeV-madgraph-pythia8/RunIISummer20UL16NanoAODv9-106X_mcRun2_asymptotic_v17-v1/NANOAODSIM,2.456e-03 +- 6.628e-06,0.0024,159000,,0.000,64950980.392,arXiv:2202.08676,,,,,,,
,RareTop_TTZH,/TTZH_TuneCP5_13TeV-madgraph-pythia8/RunIISummer20UL16NanoAODv9-106X_mcRun2_asymptotic_v17-v2/NANOAODSIM,1.136e-03 +- 1.300e-06,0.0011,160000,,0.000,141718334.810,arXiv:2202.08676,,,,,,,
,RareTop_TTZZ,/TTZZ_TuneCP5_13TeV-madgraph-pythia8/RunIISummer20UL16NanoAODv9-106X_mcRun2_asymptotic_v17-v1/NANOAODSIM,1.390e-03 +- 1.667e-06,0.0014,152000,,0.000,109668109.668,arXiv:2202.08676,,,,,,,
,RareTop_TZQB,/tZq_ll_4f_ckm_NLO_TuneCP5_13TeV-amcatnlo-pythia8/RunIISummer20UL16NanoAODv9-106X_mcRun2_asymptotic_v17-v1/NANOAODSIM,7.561e-02 +- 2.088e-04,0.9420,3967000,,0.000,4211252.654,arXiv:2202.08676,,,,,,,
,,,,,,,,,,,,,,,,
,VV,,,,,,,,,,,,,,,
,VVSS_WpWpEWK,/WpWpJJ_EWK_TuneCP5_13TeV-madgraph-pythia8/RunIISummer20UL16NanoAODv9-106X_mcRun2_asymptotic_v17-v2/NANOAODSIM,2.786e-02 +- 9.023e-05,0.0279,75000,,0.000,2692031.587,,,,,,,,
,VVSS_WpWpQCD,/WpWpJJ_QCD_TuneCP5_13TeV-madgraph-pythia8/RunIISummer20UL16NanoAODv9-106X_mcRun2_asymptotic_v17-v2/NANOAODSIM,2.358e-02 +- 9.513e-05,0.0236,75000,,0.000,3180661.578,,,,,,,,
,VV_WWto2L2Nu,/WWTo2L2Nu_TuneCP5_13TeV-powheg-pythia8/RunIISummer20UL16NanoAODv9-106X_mcRun2_asymptotic_v17-v1/NANOAODSIM,1.109e+01 +- 7.040e-03,11.0900,2900000,,0.000,261496.844,,,,,,,,
,VV_WWto4Q,/WWTo4Q_4f_TuneCP5_13TeV-amcatnloFXFX-pythia8/RunIISummer20UL16NanoAODv9-106X_mcRun2_asymptotic_v17-v1/NANOAODSIM,5.191e+01 +- 5.683e-01,51.9100,19814659,,0.000,381711.790,,,,,,,,
,VV_WWtoLNu2Q,/WWTo1L1Nu2Q_4f_TuneCP5_13TeV-amcatnloFXFX-pythia8/RunIISummer20UL16NanoAODv9-106X_mcRun2_asymptotic_v17-v1/NANOAODSIM,5.090e+01 +- 2.135e-01,50.9000,19976139,,0.000,392458.527,,,,,,,,
,VV_WZto2L2Q,/WZTo2Q2Nu_4f_TuneCP5_13TeV-amcatnloFXFX-madspin-pythia8/RunIISummer20UL16NanoAODv9-106X_mcRun2_asymptotic_v17-v2/NANOAODSIM,6.409e+00 +- 2.368e-02,6.4090,2219172,,0.000,346258.699,,,,,,,,
,VV_WZto3LNu,/WZTo3LNu_TuneCP5_13TeV-amcatnloFXFX-pythia8/RunIISummer20UL16NanoAODv9-106X_mcRun2_asymptotic_v17-v1/NANOAODSIM,5.249e+00 +- 1.981e-02,5.2490,10441724,,0.000,1989278.720,,,,,,,,
,VV_WZtoLNu2Q,/WZTo1L1Nu2Q_4f_TuneCP5_13TeV-amcatnloFXFX-pythia8/RunIISummer20UL16NanoAODv9-106X_mcRun2_asymptotic_v17-v1/NANOAODSIM,9.370e+00 +- 2.956e-01,9.3700,3690271,,0.000,393838.954,,,,,,,,
,VV_ZZto2L2Nu,/ZZTo2L2Nu_TuneCP5_13TeV_powheg_pythia8/RunIISummer20UL16NanoAODv9-106X_mcRun2_asymptotic_v17-v1/NANOAODSIM,9.738e-01 +- 9.971e-04,0.9738,15928000,,0.000,16356541.384,,,,,,,,
,VV_ZZto2L2Q,/ZZTo2Q2L_mllmin4p0_TuneCP5_13TeV-amcatnloFXFX-pythia8/RunIISummer20UL16NanoAODv9-106X_mcRun2_asymptotic_v17-v1/NANOAODSIM,3.689e+00 +- 1.627e-02,3.6890,11472473,,0.000,3109914.069,,,,,,,,
,VV_ZZto2Nu2Q,/ZZTo2Nu2Q_5f_TuneCP5_13TeV-amcatnloFXFX-pythia8/RunIISummer20UL16NanoAODv9-106X_mcRun2_asymptotic_v17-v1/NANOAODSIM,4.501e+00 +- 2.026e-02,4.5010,2468807,,0.000,548501.888,,,,,,,,
,VV_ZZto4L,/ZZTo4L_TuneCP5_13TeV_powheg_pythia8/RunIISummer20UL16NanoAODv9-106X_mcRun2_asymptotic_v17-v1/NANOAODSIM,1.325e+00 +- 1.220e-03,1.3250,52104000,,0.000,39323773.585,,,,,,,,
,,,,,,,,,,,,,,,,
,VVV,,,,,,,,,,,,,,,
,VVV_WWW,/WWW_4F_TuneCP5_13TeV-amcatnlo-pythia8/RunIISummer20UL16NanoAODv9-106X_mcRun2_asymptotic_v17-v1/NANOAODSIM,2.158e-01 +- 2.479e-04,0.2158,69000,,0.000,319740.500,,,,,,,,
,VVV_WWZ,/WWZ_4F_TuneCP5_13TeV-amcatnlo-pythia8/RunIISummer20UL16NanoAODv9-106X_mcRun2_asymptotic_v17-v1/NANOAODSIM,1.707e-01 +- 1.757e-04,0.1707,67000,,0.000,392501.465,,,,,,,,
,VVV_WZZ,/WZZ_TuneCP5_13TeV-amcatnlo-pythia8/RunIISummer20UL16NanoAODv9-106X_mcRun2_asymptotic_v17-v1/NANOAODSIM,5.709e-02 +- 6.213e-05,0.0571,137000,,0.000,2399719.741,,,,,,,,
,VVV_ZZZ,/ZZZ_TuneCP5_13TeV-amcatnlo-pythia8/RunIISummer20UL16NanoAODv9-106X_mcRun2_asymptotic_v17-v1/NANOAODSIM,1.476e-02 +- 4.809e-06,0.0148,72000,,0.000,4878048.780,,,https://twiki.cern.ch/twiki/bin/view/LHCPhysics/CERNYellowReportPageBR,,,,,
,,,,,,,,,,,https://twiki.cern.ch/twiki/bin/view/LHCPhysics/CERNYellowReportPageAt13TeV,,,,,
,Higgs,,,,,,,,,,Production,decay of H,decay of dau,permutation,Final xsec,
,Higgs_GGHHto2W,/GluGluHToWWTo2L2Nu_M125_TuneCP5_13TeV_powheg2_JHUGenV714_pythia8/RunIISummer20UL16NanoAODv9-106X_mcRun2_asymptotic_v17-v2/NANOAODSIM,2.147e+01 +- 1.033e-02,0.122400 ,4858000,,0.000,39689542.484,,,48.5800,0.2137,0.1061,1,1.101956 ,
,Higgs_GGHHtoZZ,/GluGluHToZZTo4L_M125_TuneCP5_13TeV_powheg2_JHUGenV7011_pythia8/RunIISummer20UL16NanoAODv9-106X_mcRun2_asymptotic_v17-v2/NANOAODSIM,2.887e+01 +- 2.027e-02,0.012981 ,1000000,,0.000,77035667.514,,,48.5800,0.0262,0.0102,1,0.012981 ,
,Higgs_TTHtoNon2B,/ttHToNonbb_M125_TuneCP5_13TeV-powheg-pythia8/RunIISummer20UL16NanoAODv9-106X_mcRun2_asymptotic_v17-v2/NANOAODSIM,5.013e-01 +- 1.171e-02,0.211800 ,2240994,,0.000,10580708.215,arXiv:2202.08676,,0.5071,0.4176,1.0000,1,0.211765 ,
,Higgs_VBFHto2Zto2L2Nu,/VBF_HToZZTo2L2Nu_M125_TuneCP5_13TeV_powheg2_JHUGenV735_pythia8/RunIISummer20UL16NanoAODv9-106X_mcRun2_asymptotic_v17-v3/NANOAODSIM,3.935e+00 +- 1.774e-02,0.000400 ,500000,,0.000,1250000000.000,,,3.7820,0.0262,0.0020,2,0.000400 ,
,Higgs_VBFHto2Zto4L,/VBF_HToZZTo4L_M125_TuneCP5_13TeV_powheg2_JHUGenV7011_pythia8/RunIISummer20UL16NanoAODv9-106X_mcRun2_asymptotic_v17-v2/NANOAODSIM,3.935e+00 +- 1.774e-02,0.001011 ,498000,,0.000,492581602.374,,,3.7820,0.0262,0.0102,1,0.001011 ,
,Higgs_WminusHHto2C,/WminusH_HToCC_WToLNu_M-125_TuneCP5_13TeV-powheg-pythia8/RunIISummer20UL16NanoAODv9-106X_mcRun2_asymptotic_v17-v1/NANOAODSIM,1.770e-01 +- 3.673e-04,0.001293 ,2238522,,0.000,1730994432.416,,,1.3730,0.0289,0.3258,1,0.012932 ,
,Higgs_WminusHHto2B,/WminusH_HToBB_WToLNu_M-125_TuneCP5_13TeV-powheg-pythia8/RunIISummer20UL16NanoAODv9-106X_mcRun2_asymptotic_v17-v1/NANOAODSIM,1.770e-01 +- 3.673e-04,0.260521 ,2255736,,0.000,8658557.276,,,1.3730,0.5824,0.3258,1,0.260521 ,
,Higgs_WplusHHtoZG,/WminusH_HToZG_WToAll_M-125_TuneCP5_13TeV-powheg-pythia8/RunIISummer20UL16NanoAODv9-106X_mcRun2_asymptotic_v17-v1/NANOAODSIM,5.413e-01 +- 5.711e-04,0.001355 ,161988,,0.000,119548339.483,,,0.8839,0.0015,1.0000,1,0.001355 ,
,Higgs_bbHto2Z,/bbH_HToZZTo4L_M125_TuneCP2_13TeV-jhugenv7011-pythia8/RunIISummer20UL16NanoAODv9-106X_mcRun2_asymptotic_v17-v2/NANOAODSIM,1.000e+00 +- 1.000e+14,0.000141 ,478229,,0.000,3391695035.461,,,0.5277,0.0262,0.0102,1,0.000141 ,
,,,,,,,,,,,,,,,,
,QCD,,,,,,,,,,,,,,,
,QCDEM_15to20,/QCD_Pt-15to20_EMEnriched_TuneCP5_13TeV-pythia8/RunIISummer20UL16NanoAODv9-106X_mcRun2_asymptotic_v17-v1/NANOAODSIM,1.317e+06 +- 7.901e+03,1317000.0000,4026314,,0.000,3.057,,,,,,,,
,QCDEM_20to30,/QCD_Pt-20to30_EMEnriched_TuneCP5_13TeV-pythia8/RunIISummer20UL16NanoAODv9-106X_mcRun2_asymptotic_v17-v2/NANOAODSIM,4.880e+06 +- 3.616e+04,4880000.0000,7134788,,0.000,1.462,,,,,,,,
,QCDEM_30to50,/QCD_Pt-30to50_EMEnriched_TuneCP5_13TeV-pythia8/RunIISummer20UL16NanoAODv9-106X_mcRun2_asymptotic_v17-v2/NANOAODSIM,6.448e+06 +- 2.109e+04,6448000.0000,4351014,,0.000,0.675,,,,,,,,
,QCDEM_50to80,/QCD_Pt-50to80_EMEnriched_TuneCP5_13TeV-pythia8/RunIISummer20UL16NanoAODv9-106X_mcRun2_asymptotic_v17-v2/NANOAODSIM,1.981e+06 +- 8.095e+03,1981000.0000,5443934,,0.000,2.748,,,,,,,,
,QCDEM_80to120,/QCD_Pt-80to120_EMEnriched_TuneCP5_13TeV-pythia8/RunIISummer20UL16NanoAODv9-106X_mcRun2_asymptotic_v17-v2/NANOAODSIM,3.678e+05 +- 1.164e+03,367800.0000,4804788,,0.000,13.064,,,,,,,,
,QCDEM_120to170,/QCD_Pt-120to170_EMEnriched_TuneCP5_13TeV-pythia8/RunIISummer20UL16NanoAODv9-106X_mcRun2_asymptotic_v17-v2/NANOAODSIM,6.649e+04 +- 2.676e+02,66490.0000,5007347,,0.000,75.310,,,,,,,,
,QCDEM_170to300,/QCD_Pt-170to300_EMEnriched_TuneCP5_13TeV-pythia8/RunIISummer20UL16NanoAODv9-106X_mcRun2_asymptotic_v17-v2/NANOAODSIM,1.653e+04 +- 7.035e+01,16530.0000,1861129,,0.000,112.591,,,,,,,,
,QCDEM_300toInf,/QCD_Pt-300toInf_EMEnriched_TuneCP5_13TeV-pythia8/RunIISummer20UL16NanoAODv9-106X_mcRun2_asymptotic_v17-v2/NANOAODSIM,1.126e+03 +- 1.927e+01,1126.0000,1138742,,0.000,1011.316,,,,,,,,
,QCDMu_15to20,/QCD_Pt-15To20_MuEnrichedPt5_TuneCP5_13TeV-pythia8/RunIISummer20UL16NanoAODv9-106X_mcRun2_asymptotic_v17-v2/NANOAODSIM,2.795e+06 +- 1.094e+04,2795000.0000,4529975,,0.000,1.621,,,,,,,,
,QCDMu_20to30,/QCD_Pt-20To30_MuEnrichedPt5_TuneCP5_13TeV-pythia8/RunIISummer20UL16NanoAODv9-106X_mcRun2_asymptotic_v17-v1/NANOAODSIM,2.527e+06 +- 1.053e+04,2527000.0000,30853571,,0.000,12.210,,,,,,,,
,QCDMu_30to50,/QCD_Pt-30To50_MuEnrichedPt5_TuneCP5_13TeV-pythia8/RunIISummer20UL16NanoAODv9-106X_mcRun2_asymptotic_v17-v1/NANOAODSIM,1.367e+06 +- 5.810e+03,1267000.0000,35474172,,0.000,27.999,,,,,,,,
,QCDMu_50to80,/QCD_Pt-50To80_MuEnrichedPt5_TuneCP5_13TeV-pythia8/RunIISummer20UL16NanoAODv9-106X_mcRun2_asymptotic_v17-v1/NANOAODSIM,3.776e+05 +- 1.424e+03,377600.0000,21491325,,0.000,56.916,,,,,,,,
,QCDMu_80to120,/QCD_Pt-80To120_MuEnrichedPt5_TuneCP5_13TeV-pythia8/RunIISummer20UL16NanoAODv9-106X_mcRun2_asymptotic_v17-v1/NANOAODSIM,8.950e+04 +- 5.294e+02,89500.0000,22005632,,0.000,245.873,,,,,,,,
,QCDMu_120to170,/QCD_Pt-120To170_MuEnrichedPt5_TuneCP5_13TeV-pythia8/RunIISummer20UL16NanoAODv9-106X_mcRun2_asymptotic_v17-v1/NANOAODSIM,2.121e+04 +- 7.274e+01,21210.0000,19772747,,0.000,932.237,,,,,,,,
,QCDMu_170to300,/QCD_Pt-170To300_MuEnrichedPt5_TuneCP5_13TeV-pythia8/RunIISummer20UL16NanoAODv9-106X_mcRun2_asymptotic_v17-v1/NANOAODSIM,7.003e+03 +- 2.896e+01,7003.0000,34183334,,0.000,4881.241,,,,,,,,
,QCDMu_300to470,/QCD_Pt-300To470_MuEnrichedPt5_TuneCP5_13TeV-pythia8/RunIISummer20UL16NanoAODv9-106X_mcRun2_asymptotic_v17-v1/NANOAODSIM,6.219e+02 +- 2.545e+00,621.9000,29824712,,0.000,47957.408,,,,,,,,
,QCDMu_470to600,/QCD_Pt-470To600_MuEnrichedPt5_TuneCP5_13TeV-pythia8/RunIISummer20UL16NanoAODv9-106X_mcRun2_asymptotic_v17-v1/NANOAODSIM,5.927e+01 +- 2.418e-01,59.2700,19771458,,0.000,333582.892,,,,,,,,
,QCDMu_600to800,/QCD_Pt-600To800_MuEnrichedPt5_TuneCP5_13TeV-pythia8/RunIISummer20UL16NanoAODv9-106X_mcRun2_asymptotic_v17-v1/NANOAODSIM,1.822e+01 +- 7.375e-02,18.2200,18165741,,0.000,997022.009,,,,,,,,
,QCDMu_800to1000,/QCD_Pt-800To1000_MuEnrichedPt5_TuneCP5_13TeV-pythia8/RunIISummer20UL16NanoAODv9-106X_mcRun2_asymptotic_v17-v1/NANOAODSIM,3.295e+00 +- 1.326e-02,3.2950,38913226,,0.000,11809780.273,,,,,,,,
,QCDMu_1000,/QCD_Pt-1000_MuEnrichedPt5_TuneCP5_13TeV-pythia8/RunIISummer20UL16NanoAODv9-106X_mcRun2_asymptotic_v17-v1/NANOAODSIM,1.078e+00 +- 4.340e-03,1.0780,13905446,,0.000,12899300.557,,,,,,,,
,,,,,,,,,,,,,,,,
,VLL Doublet,,,,,,,,,,badFilter,nCorrected,,,,
,VLLD-ele_100,/VLLD_ele_M100_TuneCP5_13TeV-madgraph-pythia8/RunIISummer20UL16NanoAODv9-106X_mcRun2_asymptotic_v17-v1/NANOAODSIM,4.592e-04 +- 2.503e-07,16.878000,249063,,0.000,3326.152,prudhvib@umich.edu,,0.7746,56139,,,,
,VLLD-ele_200,/VLLD_ele_M200_TuneCP5_13TeV-madgraph-pythia8/RunIISummer20UL16NanoAODv9-106X_mcRun2_asymptotic_v17-v1/NANOAODSIM,4.930e-02 +- 6.116e-05,1.359000,150000,,0.000,27516.556,prudhvib@umich.edu,,0.7507,37395,,,,
,VLLD-ele_300,/VLLD_ele_M300_TuneCP5_13TeV-madgraph-pythia8/RunIISummer20UL16NanoAODv9-106X_mcRun2_asymptotic_v17-v1/NANOAODSIM,1.386e-01 +- 3.913e-04,0.291310,50000,,0.000,43098.417,prudhvib@umich.edu,,0.7489,12555,,,,
,VLLD-ele_400,/VLLD_ele_M400_TuneCP5_13TeV-madgraph-pythia8/RunIISummer20UL16NanoAODv9-106X_mcRun2_asymptotic_v17-v1/NANOAODSIM,2.495e-01 +- 3.108e-04,0.090680,50000,,0.000,137957.653,prudhvib@umich.edu,,0.7498,12510,,,,
,VLLD-ele_600,/VLLD_ele_M600_TuneCP5_13TeV-madgraph-pythia8/RunIISummer20UL16NanoAODv9-106X_mcRun2_asymptotic_v17-v1/NANOAODSIM,2.511e-01 +- 1.267e-04,0.014871,50000,,0.000,845605.541,prudhvib@umich.edu,,0.7485,12575,,,,
,VLLD-ele_800,/VLLD_ele_M800_TuneCP5_13TeV-madgraph-pythia8/RunIISummer20UL16NanoAODv9-106X_mcRun2_asymptotic_v17-v1/NANOAODSIM,5.988e-01 +- 3.216e-04,0.003482,50000,,0.000,3641585.296,prudhvib@umich.edu,,0.7464,12680,,,,
,VLLD-ele_1000,/VLLD_ele_M1000_TuneCP5_13TeV-madgraph-pythia8/RunIISummer20UL16NanoAODv9-106X_mcRun2_asymptotic_v17-v1/NANOAODSIM,6.267e-01 +- 3.329e-04,0.000977,50000,,0.000,12968270.215,prudhvib@umich.edu,,0.7466,12670,,,,
,VLLD-ele_1200,/VLLD_ele_M1200_TuneCP5_13TeV-madgraph-pythia8/RunIISummer20UL16NanoAODv9-106X_mcRun2_asymptotic_v17-v1/NANOAODSIM,5.763e-01 +- 4.362e-04,0.000303,50000,,0.000,41254125.413,prudhvib@umich.edu,,0.7500,12500,,,,
,VLLD-mu_100,/VLLD_mu_M100_TuneCP5_13TeV-madgraph-pythia8/RunIISummer20UL16NanoAODv9-106X_mcRun2_asymptotic_v17-v1/NANOAODSIM,4.590e-04 +- 3.461e-07,16.878000,250000,,0.000,3322.372,prudhvib@umich.edu,,0.7757,56075,,,,
,VLLD-mu_200,/VLLD_mu_M200_TuneCP5_13TeV-madgraph-pythia8/RunIISummer20UL16NanoAODv9-106X_mcRun2_asymptotic_v17-v1/NANOAODSIM,4.931e-02 +- 6.844e-05,1.359000,150000,,0.000,27461.369,prudhvib@umich.edu,,0.7512,37320,,,,
,VLLD-mu_300,/VLLD_mu_M300_TuneCP5_13TeV-madgraph-pythia8/RunIISummer20UL16NanoAODv9-106X_mcRun2_asymptotic_v17-v1/NANOAODSIM,1.408e-01 +- 1.622e-04,0.291310,50000,,0.000,43149.909,prudhvib@umich.edu,,0.7486,12570,,,,
,VLLD-mu_400,/VLLD_mu_M400_TuneCP5_13TeV-madgraph-pythia8/RunIISummer20UL16NanoAODv9-106X_mcRun2_asymptotic_v17-v1/NANOAODSIM,2.480e-01 +- 4.852e-04,0.090680,50000,,0.000,136248.346,prudhvib@umich.edu,,0.7529,12355,,,,
,VLLD-mu_600,/VLLD_mu_M600_TuneCP5_13TeV-madgraph-pythia8/RunIISummer20UL16NanoAODv9-106X_mcRun2_asymptotic_v17-v1/NANOAODSIM,4.655e-01 +- 2.543e-04,0.014871,50000,,0.000,845269.316,prudhvib@umich.edu,,0.7486,12570,,,,
,VLLD-mu_800,/VLLD_mu_M800_TuneCP5_13TeV-madgraph-pythia8/RunIISummer20UL16NanoAODv9-106X_mcRun2_asymptotic_v17-v1/NANOAODSIM,5.988e-01 +- 7.261e-04,0.003482,50000,,0.000,3611430.213,prudhvib@umich.edu,,0.7485,12575,,,,
,VLLD-mu_1000,/VLLD_mu_M1000_TuneCP5_13TeV-madgraph-pythia8/RunIISummer20UL16NanoAODv9-106X_mcRun2_asymptotic_v17-v1/NANOAODSIM,6.282e-01 +- 3.056e-04,0.000977,50000,,0.000,12845445.241,prudhvib@umich.edu,,0.7490,12550,,,,
,VLLD-mu_1200,/VLLD_mu_M1200_TuneCP5_13TeV-madgraph-pythia8/RunIISummer20UL16NanoAODv9-106X_mcRun2_asymptotic_v17-v1/NANOAODSIM,5.787e-01 +- 5.721e-04,0.000303,50000,,0.000,41254125.413,prudhvib@umich.edu,,0.7500,12500,,,,