,,2016preVFP_UL,,,,,,,,,,,,,,,,
,"Samples are ordered by categories, then within each category, alphanumerically.",,,,,,,,,,,,,,,,,
,,,,,,,,,,,,,,,,,,
,,Data,,,,,,,,,,,,,,,,
,sample_subsample,Full DAS string,nEvtTotal,"Lumi (pb-1)
(Golden JSON)",,,,True value,,,,,,,,,,
,,,,,,,,,,,,,,,,,,
,Muon_B1,/SingleMuon/Run2016B-ver1_HIPM_UL2016_MiniAODv2_NanoAODv9-v2/NANOAOD,2789243,,,,,2789243,,,,,,,,,,
,Muon_B2,/SingleMuon/Run2016B-ver2_HIPM_UL2016_MiniAODv2_NanoAODv9-v2/NANOAOD,158145722,,,,,158145722,,,,,,,,,,
,Muon_C,/SingleMuon/Run2016C-HIPM_UL2016_MiniAODv2_NanoAODv9-v2/NANOAOD,67441308,,,,,67441308,,,,,,,,,,
,Muon_D,/SingleMuon/Run2016D-HIPM_UL2016_MiniAODv2_NanoAODv9-v2/NANOAOD,98017996,,,,,98017996,,,,,,,,,,
,Muon_E,/SingleMuon/Run2016E-HIPM_UL2016_MiniAODv2_NanoAODv9-v2/NANOAOD,90984718,,,,,90984718,,,,,,,,,,
,Muon_FHIPM,/SingleMuon/Run2016F-HIPM_UL2016_MiniAODv2_NanoAODv9-v2/NANOAOD,57465359,,,,,57465359,,,,,,,,,,
,,,,,,,,,,,,,,,,,,
,EGamma_B1,/SingleElectron/Run2016B-ver1_HIPM_UL2016_MiniAODv2_NanoAODv9-v2/NANOAOD,1422819,,,,,1422819,,,,,,,,,,
,EGamma_B2,/SingleElectron/Run2016B-ver2_HIPM_UL2016_MiniAODv2_NanoAODv9-v2/NANOAOD,246440440,,,,,246440440,,,,,,,,,,
,EGamma_C,/SingleElectron/Run2016C-HIPM_UL2016_MiniAODv2_NanoAODv9-v2/NANOAOD,97259854,,,,,97259854,,,,,,,,,,
,EGamma_D,/SingleElectron/Run2016D-HIPM_UL2016_MiniAODv2_NanoAODv9-v2/NANOAOD,148167727,,,,,148167727,,,,,,,,,,
,EGamma_E,/SingleElectron/Run2016E-HIPM_UL2016_MiniAODv2_NanoAODv9-v2/NANOAOD,117269446,,,,,117269446,,,,,,,,,,
,EGamma_FHIPM,/SingleElectron/Run2016F-HIPM_UL2016_MiniAODv2_NanoAODv9-v2/NANOAOD,61735326,,,,,61735326,,,,,,,,,,
,,,Total,19692.0000,,,,,,,,,,,,,,
,,Golden JSON = Cert_271036-284044_13TeV_Legacy2016_Collisions16_JSON.txt,,,,,,,,,,,,,,,,
,,,,,,,,,,,,,,,,,,
,,,,,,,,,,,,,,,,,,
,,,,,,,,,,,,,,,,,,
,,,,,,,,,,,,,,,,,,
,,,,,,,,,,,,,,,,,,
,,,,,,,,,,,,,,,,,,
,,MC (SM backgrounds),,,,,,,,,,,,,,,,
,sample_subsample,Full DAS string,xSec (pb),xSec (pb) (used),nEvtGen,nEvtPass,Accp (%),Lumi (pb-1),SumGenWt,AvgGenWt,Comments/Source,,,,,,,
,,,,,,,,,,,,,,,,,,
,Single W production,,,,,,,,,,,,,,,,,
,WtoLNu_Inclusive,/WJetsToLNu_TuneCP5_13TeV-amcatnloFXFX-pythia8/RunIISummer20UL16NanoAODAPVv9-106X_mcRun2_asymptotic_preVFP_v11-v2/NANOAODSIM,6.748e+04 +- 6.117e+02,67480.0000,28949426,,0.000,429.007,4989491447552,172351.999226,,,,,,,,
,WtoLNu_70to100,/WJetsToLNu_HT-70To100_TuneCP5_13TeV-madgraphMLM-pythia8/RunIISummer20UL16NanoAODAPVv9-106X_mcRun2_asymptotic_preVFP_v11-v1/NANOAODSIM,1.267e+03 +- 5.402e+00,1267.0000,16931765,,0.000,13363.666,16931765,1.000000,,,,,,,,
,WtoLNu_100to200,/WJetsToLNu_HT-100To200_TuneCP5_13TeV-madgraphMLM-pythia8/RunIISummer20UL16NanoAODAPVv9-106X_mcRun2_asymptotic_preVFP_v11-v1/NANOAODSIM,1.259e+03 +- 5.438e+00,1259.0000,21734530,,0.000,17263.328,21734530,1.000000,,,,,,,,
,WtoLNu_200to400,/WJetsToLNu_HT-200To400_TuneCP5_13TeV-madgraphMLM-pythia8/RunIISummer20UL16NanoAODAPVv9-106X_mcRun2_asymptotic_preVFP_v11-v1/NANOAODSIM,3.372e+02 +- 1.513e+00,337.2000,17870845,,0.000,52997.761,17870845,1.000000,,,,,,,,
,WtoLNu_400to600,/WJetsToLNu_HT-400To600_TuneCP5_13TeV-madgraphMLM-pythia8/RunIISummer20UL16NanoAODAPVv9-106X_mcRun2_asymptotic_preVFP_v11-v1/NANOAODSIM,4.516e+01 +- 1.971e-01,45.1600,2467498,,0.000,54639.017,2467498,1.000000,,,,,,,,
,WtoLNu_600to800,/WJetsToLNu_HT-600To800_TuneCP5_13TeV-madgraphMLM-pythia8/RunIISummer20UL16NanoAODAPVv9-106X_mcRun2_asymptotic_preVFP_v11-v1/NANOAODSIM,1.091e+01 +- 4.864e-02,10.9100,2344130,,0.000,214860.678,2344130,1.000000,,,,,,,,
,WtoLNu_800to1200,/WJetsToLNu_HT-800To1200_TuneCP5_13TeV-madgraphMLM-pythia8/RunIISummer20UL16NanoAODAPVv9-106X_mcRun2_asymptotic_preVFP_v11-v1/NANOAODSIM,4.937e+00 +- 2.171e-02,4.9370,2510487,,0.000,508504.557,2510487,1.000000,,,,,,,,
,WtoLNu_1200to2500,/WJetsToLNu_HT-1200To2500_TuneCP5_13TeV-madgraphMLM-pythia8/RunIISummer20UL16NanoAODAPVv9-106X_mcRun2_asymptotic_preVFP_v11-v1/NANOAODSIM,1.156e+00 +- 6.101e-03,1.1560,2119975,,0.000,1833888.408,2119975,1.000000,,,,,,,,
,WtoLNu_2500toInf,/WJetsToLNu_HT-2500ToInf_TuneCP5_13TeV-madgraphMLM-pythia8/RunIISummer20UL16NanoAODAPVv9-106X_mcRun2_asymptotic_preVFP_v11-v2/NANOAODSIM,2.643e-02 +- 1.817e-04,0.0264,808649,,,30595875.899,808649,1.000000,,,,,,,,
,WGtoLNuG_Inclusive,/WGToLNuG_01J_5f_TuneCP5_13TeV-amcatnloFXFX-pythia8/RunIISummer20UL16NanoAODAPVv9-106X_mcRun2_asymptotic_preVFP_v11-v1/NANOAODSIM,1.913e+02 +- 1.046e+00,191.3000,53848477,,0.000,281487.073,19280562074,358.052133,,,,,,,,
,,,,,,,,,,,,,,,,,,
,Single Z production,,,,,,,,,,,,,,,,,
,DYto2L_10to50,/DYJetsToLL_M-10to50_TuneCP5_13TeV-amcatnloFXFX-pythia8/RunIISummer20UL16NanoAODAPVv9-106X_mcRun2_asymptotic_preVFP_v11-v1/NANOAODSIM,1.589e+04 +- 2.550e+01,18610.0000,49632553,,0.000,2666.983,1695387320320,34158.777211,arXiv:2202.08676,,,,,,,
,DYto2L_50toInf,/DYJetsToLL_M-50_TuneCP5_13TeV-amcatnloFXFX-pythia8/RunIISummer20UL16NanoAODAPVv9-106X_mcRun2_asymptotic_preVFP_v11-v1/NANOAODSIM,5.361e+03 +- 4.847e+01,5675.0000,90947213,,0.000,16025.941,1535068230656,16878.672584,arXiv:2202.08676,,,,,,,
,DYGToLLG_Inclusive,/ZGToLLG_01J_5f_TuneCP5_13TeV-amcatnloFXFX-pythia8/RunIISummer20UL16NanoAODAPVv9-106X_mcRun2_asymptotic_preVFP_v11-v1/NANOAODSIM,5.144e+01 +- 3.608e-01,51.4400,23275543,,0.000,452479.452,2306079677,99.077374,,,,,,,,
,,,,,,,,,,,,,,,,,,
,TTBar production,,,,,,,,,,,,Production,decay of dau1,decay of dau2,permutation,Final xsec,https://twiki.cern.ch/twiki/bin/view/LHCPhysics/TtbarNNLO
,TT_TTto2L2Nu,/TTTo2L2Nu_TuneCP5_13TeV-powheg-pythia8/RunIISummer20UL16NanoAODAPVv9-106X_mcRun2_asymptotic_preVFP_v11-v1/NANOAODSIM,6.871e+02 +- 5.174e-01,88.2900,37505000,,0.000,424793.295,2684599739,71.579782,arXiv:2202.08676,,833.9,0.3258,0.3258,1,88.514849 ,
,TT_TTtoLNu2Q,/TTToSemiLeptonic_TuneCP5_13TeV-powheg-pythia8/RunIISummer20UL16NanoAODAPVv9-106X_mcRun2_asymptotic_preVFP_v11-v1/NANOAODSIM,6.871e+02 +- 5.174e-01,365.3400,132178000,,0.000,361794.493,39323865416,297.506888,arXiv:2202.08676,,833.9,0.3258,0.6741,2,366.285205 ,
,,,,,,,,,,,,,,,,,,
,Single top production,,,,,,,,,,,,Production,https://twiki.cern.ch/twiki/bin/view/LHCPhysics/SingleTopNNLORef,,,,
,ST_s-channel,/ST_s-channel_4f_leptonDecays_TuneCP5_13TeV-amcatnlo-pythia8/RunIISummer20UL16NanoAODAPVv9-106X_mcRun2_asymptotic_preVFP_v11-v1/NANOAODSIM,3.549e+00 +- 3.082e-03,3.7400,5518000,,0.000,1475401.070,19665597,3.563899,arXiv:2202.08676,,11.073,,,,,
,ST_t-channel-antitop,/ST_t-channel_antitop_5f_InclusiveDecays_TuneCP5_13TeV-powheg-pythia8/RunIISummer20UL16NanoAODAPVv9-106X_mcRun2_asymptotic_preVFP_v11-v1/NANOAODSIM,6.793e+01 +- 4.479e-01,67.9300,24681000,,0.000,363329.898,1767828127,71.627087,,,80,,,,,
,ST_t-channel-top,/ST_t-channel_top_4f_InclusiveDecays_TuneCP5_13TeV-powheg-madspin-pythia8/RunIISummer20UL16NanoAODAPVv9-106X_mcRun2_asymptotic_preVFP_v11-v1/NANOAODSIM,1.134e+02 +- 8.831e-01,113.4000,55961000,,0.000,493483.245,5895936166,105.357949,,,134.2,,,,,
,,,,,,,,,,,,,,,,,,
,TW,,,,,,,,,,,,,,,,,
,TW_antitop,/ST_tW_antitop_5f_inclusiveDecays_TuneCP5_13TeV-powheg-pythia8/RunIISummer20UL16NanoAODAPVv9-106X_mcRun2_asymptotic_preVFP_v11-v1/NANOAODSIM,3.251e+01 +- 2.346e-02,32.5100,2300000,,0.000,70747.462,74540020,32.408704,,,79.3,,,,,
,TW_top,/ST_tW_top_5f_inclusiveDecays_TuneCP5_13TeV-powheg-pythia8/RunIISummer20UL16NanoAODAPVv9-106X_mcRun2_asymptotic_preVFP_v11-v1/NANOAODSIM,3.245e+01 +- 2.338e-02,32.4500,2300000,,0.000,70878.274,74046982,32.194340,,,79.3,,,,,
,,,,,,,,,,,,,,,,,,
,TT + V,,,,,,,,,,,,,,,,,
,TTV_TTWtoLNu,/TTZToLL_TuneCP5_13TeV_amcatnlo-pythia8/RunIISummer20UL16NanoAODAPVv9-106X_mcRun2_asymptotic_preVFP_v11-v2/NANOAODSIM,2.157e-01 +- 1.122e-03,0.2157,16145332,,0.000,74850866.945,1212256,0.075084,,,,,,,,
,TTV_TTZtoLL,/TTWJetsToLNu_TuneCP5_13TeV-amcatnloFXFX-madspin-pythia8/RunIISummer20UL16NanoAODAPVv9-106X_mcRun2_asymptotic_preVFP_v11-v2/NANOAODSIM,7.468e-02 +- 1.473e-04,0.0747,2850164,,0.000,38165024.103,954748,0.334980,,,,,,,,
,,,,,,,,,,,,,,,,,,
,RareTop,,,,,,,,,,,,,,,,,
,RareTop_THQ,/THQ_ctcvcp_4f_Hincl_TuneCP5_13TeV_madgraph_pythia8/RunIISummer20UL16NanoAODAPVv9-106X_mcRun2_asymptotic_preVFP_v11-v2/NANOAODSIM,7.445e-01 +- 1.190e-03,0.3189,14752983,,0.000,46262097.836,14752983,1.000000,arXiv:2202.08676,,,,,,,
,RareTop_THW,/THW_ctcvcp_5f_Hincl_TuneCP5_13TeV_madgraph_pythia8/RunIISummer20UL16NanoAODAPVv9-106X_mcRun2_asymptotic_preVFP_v11-v1/NANOAODSIM,1.476e-01 +- 2.754e-04,0.1503,7430000,,0.000,49434464.405,7430000,1.000000,arXiv:2202.08676,,,,,,,
,RareTop_TTHH,/TTHH_TuneCP5_13TeV-madgraph-pythia8/RunIISummer20UL16NanoAODAPVv9-106X_mcRun2_asymptotic_preVFP_v11-v2/NANOAODSIM,6.679e-04 +- 9.961e-07,0.0007,140000,,0.000,210368144.252,140000,1.000000,arXiv:2202.08676,,,,,,,
,RareTop_TTTJ,/TTTJ_TuneCP5_13TeV-madgraph-pythia8/RunIISummer20UL16NanoAODAPVv9-106X_mcRun2_asymptotic_preVFP_v11-v2/NANOAODSIM,4.007e-04 +- 4.989e-07,0.0004,138000,,0.000,347257171.616,138000,1.000000,arXiv:2202.08676,,,,,,,
,RareTop_TTTT,/TTTT_TuneCP5_13TeV-amcatnlo-pythia8/RunIISummer20UL16NanoAODAPVv9-106X_mcRun2_asymptotic_preVFP_v11-v2/NANOAODSIM,8.091e-03 +- 1.165e-05,0.0082,4207000,,0.000,512236697.918,34088,0.008103,arXiv:2202.08676,,,,,,,
,RareTop_TTTW,/TTTW_TuneCP5_13TeV-madgraph-pythia8/RunIISummer20UL16NanoAODAPVv9-106X_mcRun2_asymptotic_preVFP_v11-v2/NANOAODSIM,7.310e-04 +- 1.001e-06,0.0007,140000,,0.000,190683737.401,140000,1.000000,arXiv:2202.08676,,,,,,,
,RareTop_TTWH,/TTWH_TuneCP5_13TeV-madgraph-pythia8/RunIISummer20UL16NanoAODAPVv9-106X_mcRun2_asymptotic_preVFP_v11-v2/NANOAODSIM,1.141e-03 +- 1.388e-06,0.0011,140000,,0.000,122699386.503,140000,1.000000,arXiv:2202.08676,,,,,,,
,RareTop_TTWW,/TTWW_TuneCP5_13TeV-madgraph-pythia8/RunIISummer20UL16NanoAODAPVv9-106X_mcRun2_asymptotic_preVFP_v11-v1/NANOAODSIM,6.994e-03 +- 7.821e-06,0.0070,278000,,0.000,39742673.338,278000,1.000000,arXiv:2202.08676,,,,,,,
,RareTop_TTWZ,/TTWZ_TuneCP5_13TeV-madgraph-pythia8/RunIISummer20UL16NanoAODAPVv9-106X_mcRun2_asymptotic_preVFP_v11-v1/NANOAODSIM,2.456e-03 +- 6.628e-06,0.0024,140000,,0.000,57189542.484,140000,1.000000,arXiv:2202.08676,,,,,,,
,RareTop_TTZH,/TTZH_TuneCP5_13TeV-madgraph-pythia8/RunIISummer20UL16NanoAODAPVv9-106X_mcRun2_asymptotic_preVFP_v11-v2/NANOAODSIM,1.136e-03 +- 1.300e-06,0.0011,140000,,0.000,124003542.958,140000,1.000000,arXiv:2202.08676,,,,,,,
,RareTop_TTZZ,/TTZZ_TuneCP5_13TeV-madgraph-pythia8/RunIISummer20UL16NanoAODAPVv9-106X_mcRun2_asymptotic_preVFP_v11-v1/NANOAODSIM,1.390e-03 +- 1.667e-06,0.0014,140000,,0.000,101010101.010,140000,1.000000,arXiv:2202.08676,,,,,,,
,RareTop_TZQB,/tZq_ll_4f_ckm_NLO_TuneCP5_13TeV-amcatnlo-pythia8/RunIISummer20UL16NanoAODAPVv9-106X_mcRun2_asymptotic_preVFP_v11-v1/NANOAODSIM,7.561e-02 +- 2.088e-04,0.9420,3723000,,0.000,3952229.299,287750,0.077290,arXiv:2202.08676,,,,,,,
,,,,,,,,,,,,,,,,,,
,VV,,,,,,,,,,,,,,,,,
,VVSS_WpWpEWK,/WpWpJJ_EWK_TuneCP5_13TeV-madgraph-pythia8/RunIISummer20UL16NanoAODAPVv9-106X_mcRun2_asymptotic_preVFP_v11-v2/NANOAODSIM,2.786e-02 +- 9.023e-05,0.0279,75000,,0.000,2692031.587,75000,1.000000,,,,,,,,
,VVSS_WpWpQCD,/WpWpJJ_QCD_TuneCP5_13TeV-madgraph-pythia8/RunIISummer20UL16NanoAODAPVv9-106X_mcRun2_asymptotic_preVFP_v11-v2/NANOAODSIM,2.358e-02 +- 9.513e-05,0.0236,74090,,0.000,3142069.550,74090,1.000000,,,,,,,,
,VV_WWto2L2Nu,/WWTo2L2Nu_TuneCP5_13TeV-powheg-pythia8/RunIISummer20UL16NanoAODAPVv9-106X_mcRun2_asymptotic_preVFP_v11-v1/NANOAODSIM,1.109e+01 +- 7.040e-03,11.0900,3018000,,0.000,272137.060,33434063,11.078218,,,,,,,,
,VV_WWto4Q,/WWTo4Q_4f_TuneCP5_13TeV-amcatnloFXFX-pythia8/RunIISummer20UL16NanoAODAPVv9-106X_mcRun2_asymptotic_preVFP_v11-v3/NANOAODSIM,5.191e+01 +- 5.683e-01,51.9100,19599397,,0.000,377564.959,1682760714,85.857780,,,,,,,,
,VV_WWtoLNu2Q,/WWTo1L1Nu2Q_4f_TuneCP5_13TeV-amcatnloFXFX-pythia8/RunIISummer20UL16NanoAODAPVv9-106X_mcRun2_asymptotic_preVFP_v11-v1/NANOAODSIM,5.090e+01 +- 2.135e-01,50.9000,20071678,,0.000,394335.521,1708087694,85.099397,,,,,,,,
,VV_WZto2L2Q,/WZTo2Q2L_mllmin4p0_TuneCP5_13TeV-amcatnloFXFX-pythia8/RunIISummer20UL16NanoAODAPVv9-106X_mcRun2_asymptotic_preVFP_v11-v2/NANOAODSIM,6.409e+00 +- 2.368e-02,6.4090,15678816,,0.000,2446374.785,150654194,9.608774,,,,,,,,
,VV_WZto3LNu,/WZTo3LNu_TuneCP5_13TeV-amcatnloFXFX-pythia8/RunIISummer20UL16NanoAODAPVv9-106X_mcRun2_asymptotic_preVFP_v11-v1/NANOAODSIM,5.249e+00 +- 1.981e-02,5.2490,9633623,,0.000,1835325.395,81671018,8.477705,,,,,,,,
,VV_WZtoLNu2Q,/WZTo1L1Nu2Q_4f_TuneCP5_13TeV-amcatnloFXFX-pythia8/RunIISummer20UL16NanoAODAPVv9-106X_mcRun2_asymptotic_preVFP_v11-v1/NANOAODSIM,9.370e+00 +- 2.956e-01,9.3700,3701521,,0.000,395039.594,55676823,15.041607,,,,,,,,
,VV_ZZto2L2Nu,/ZZTo2L2Nu_TuneCP5_13TeV_powheg_pythia8/RunIISummer20UL16NanoAODAPVv9-106X_mcRun2_asymptotic_preVFP_v11-v1/NANOAODSIM,9.738e-01 +- 9.971e-04,0.9738,16862000,,0.000,17315670.569,16559547,0.982063,,,,,,,,
,VV_ZZto2L2Q,/ZZTo2Q2L_mllmin4p0_TuneCP5_13TeV-amcatnloFXFX-pythia8/RunIISummer20UL16NanoAODAPVv9-106X_mcRun2_asymptotic_preVFP_v11-v1/NANOAODSIM,3.689e+00 +- 1.627e-02,3.6890,16060738,,0.000,4353683.383,88578620,5.515227,,,,,,,,
,VV_ZZto2Nu2Q,/ZZTo2Nu2Q_5f_TuneCP5_13TeV-amcatnloFXFX-pythia8/RunIISummer20UL16NanoAODAPVv9-106X_mcRun2_asymptotic_preVFP_v11-v1/NANOAODSIM,4.501e+00 +- 2.026e-02,4.5010,2468069,,0.000,548337.925,18769563,7.604959,,,,,,,,
,VV_ZZto4L,/ZZTo4L_TuneCP5_13TeV_powheg_pythia8/RunIISummer20UL16NanoAODAPVv9-106X_mcRun2_asymptotic_preVFP_v11-v1/NANOAODSIM,1.325e+00 +- 1.220e-03,1.3250,49691000,,0.000,37502641.509,65799508,1.324174,,,,,,,,
,,,,,,,,,,,,,,,,,,
,VVV,,,,,,,,,,,,,,,,,
,VVV_WWW,/WWW_4F_TuneCP5_13TeV-amcatnlo-pythia8/RunIISummer20UL16NanoAODAPVv9-106X_mcRun2_asymptotic_preVFP_v11-v1/NANOAODSIM,2.158e-01 +- 2.479e-04,0.2158,71000,,0.000,329008.341,15312,0.215662,,,,,,,,
,VVV_WWZ,/WWZ_4F_TuneCP5_13TeV-amcatnlo-pythia8/RunIISummer20UL16NanoAODAPVv9-106X_mcRun2_asymptotic_preVFP_v11-v1/NANOAODSIM,1.707e-01 +- 1.757e-04,0.1707,81000,,0.000,474516.696,13881,0.171370,,,,,,,,
,VVV_WZZ,/WZZ_TuneCP5_13TeV-amcatnlo-pythia8/RunIISummer20UL16NanoAODAPVv9-106X_mcRun2_asymptotic_preVFP_v11-v1/NANOAODSIM,5.709e-02 +- 6.213e-05,0.0571,160000,,0.000,2802592.398,9143,0.057144,,,,,,,,
,VVV_ZZZ,/ZZZ_TuneCP5_13TeV-amcatnlo-pythia8/RunIISummer20UL16NanoAODAPVv9-106X_mcRun2_asymptotic_preVFP_v11-v1/NANOAODSIM,1.476e-02 +- 4.809e-06,0.0148,81000,,0.000,5487804.878,1191,0.014704,,,https://twiki.cern.ch/twiki/bin/view/LHCPhysics/CERNYellowReportPageBR,,,,,
,,,,,,,,,,,,,https://twiki.cern.ch/twiki/bin/view/LHCPhysics/CERNYellowReportPageAt13TeV,,,,,
,Higgs,,,,,,,,,,,,Production,decay of H,decay of dau,permutation,Final xsec,
,Higgs_GGHHto2W,/GluGluHToWWTo2L2Nu_M125_TuneCP5_13TeV_powheg2_JHUGenV714_pythia8/RunIISummer20UL16NanoAODAPVv9-106X_mcRun2_asymptotic_preVFP_v11-v1/NANOAODSIM,2.147e+01 +- 1.033e-02,0.122400 ,4494000,,0.000,36715686.275,96537111,21.481333,,,48.5800,0.2137,0.1061,1,1.101956 ,
,Higgs_GGHHtoZZ,/GluGluHToZZTo4L_M125_TuneCP5_13TeV_powheg2_JHUGenV7011_pythia8/RunIISummer20UL16NanoAODAPVv9-106X_mcRun2_asymptotic_preVFP_v11-v1/NANOAODSIM,2.887e+01 +- 2.027e-02,0.012981 ,1000000,,0.000,77035667.514,29079645,29.079645,,,48.5800,0.0262,0.0102,1,0.012981 ,
,Higgs_TTHtoNon2B,/ttHToNonbb_M125_TuneCP5_13TeV-powheg-pythia8/RunIISummer20UL16NanoAODAPVv9-106X_mcRun2_asymptotic_preVFP_v11-v2/NANOAODSIM,5.013e-01 +- 1.171e-02,0.211800 ,1977996,,0.000,9338980.170,990864,0.500943,arXiv:2202.08676,,0.5071,0.4176,1.0000,1,0.211765 ,
,Higgs_VBFHto2Zto2L2Nu,/VBF_HToZZTo2L2Nu_M125_TuneCP5_13TeV_powheg2_JHUGenV735_pythia8/RunIISummer20UL16NanoAODAPVv9-106X_mcRun2_asymptotic_preVFP_v11-v1/NANOAODSIM,3.935e+00 +- 1.774e-02,0.000400 ,500000,,0.000,1250000000.000,1980674,3.961348,,,3.7820,0.0262,0.0020,2,0.000400 ,
,Higgs_VBFHto2Zto4L,/VBF_HToZZTo4L_M125_TuneCP5_13TeV_powheg2_JHUGenV7011_pythia8/RunIISummer20UL16NanoAODAPVv9-106X_mcRun2_asymptotic_preVFP_v11-v1/NANOAODSIM,3.935e+00 +- 1.774e-02,0.001011 ,500000,,0.000,494559841.741,1969538,3.939076,,,3.7820,0.0262,0.0102,1,0.001011 ,
,Higgs_WminusHHto2C,/WminusH_HToCC_WToLNu_M-125_TuneCP5_13TeV-powheg-pythia8/RunIISummer20UL16NanoAODAPVv9-106X_mcRun2_asymptotic_preVFP_v11-v1/NANOAODSIM,1.770e-01 +- 3.673e-04,0.001293 ,2576448,,0.000,1992304361.274,456738,0.177274,,,1.3730,0.0289,0.3258,1,0.012932 ,
,Higgs_WminusHHto2B,/WminusH_HToBB_WToLNu_M-125_TuneCP5_13TeV-powheg-pythia8/RunIISummer20UL16NanoAODAPVv9-106X_mcRun2_asymptotic_preVFP_v11-v1/NANOAODSIM,1.770e-01 +- 3.673e-04,0.260521 ,2564229,,0.000,9842695.982,454465,0.177233,,,1.3730,0.5824,0.3258,1,0.260521 ,
,Higgs_WplusHHtoZG,/WminusH_HToZG_WToAll_M-125_TuneCP5_13TeV-powheg-pythia8/RunIISummer20UL16NanoAODAPVv9-106X_mcRun2_asymptotic_preVFP_v11-v1/NANOAODSIM,5.413e-01 +- 5.711e-04,0.001355 ,137992,,0.000,101839114.391,74768,0.541829,,,0.8839,0.0015,1.0000,1,0.001355 ,
,Higgs_bbHto2Z,/bbH_HToZZTo4L_M125_TuneCP2_13TeV-jhugenv7011-pythia8/RunIISummer20UL16NanoAODAPVv9-106X_mcRun2_asymptotic_preVFP_v11-v2/NANOAODSIM,1.000e+00 +- 1.000e+14,0.000141 ,500000,,0.000,3546099290.780,500000,1.000000,,,0.5277,0.0262,0.0102,1,0.000141 ,
,,,,,,,,,,,,,,,,,,
,QCD,,,,,,,,,,,,,,,,,
,QCDEM_15to20,/QCD_Pt-15to20_EMEnriched_TuneCP5_13TeV-pythia8/RunIISummer20UL16NanoAODAPVv9-106X_mcRun2_asymptotic_preVFP_v11-v2/NANOAODSIM,1.317e+06 +- 7.901e+03,1317000.0000,4062805,,0.000,3.085,4063277,1.000116,,,,,,,,
,QCDEM_20to30,/QCD_Pt-20to30_EMEnriched_TuneCP5_13TeV-pythia8/RunIISummer20UL16NanoAODAPVv9-106X_mcRun2_asymptotic_preVFP_v11-v1/NANOAODSIM,4.880e+06 +- 3.616e+04,4880000.0000,7156441,,0.000,1.466,7156445,1.000001,,,,,,,,
,QCDEM_30to50,/QCD_Pt-30to50_EMEnriched_TuneCP5_13TeV-pythia8/RunIISummer20UL16NanoAODAPVv9-106X_mcRun2_asymptotic_preVFP_v11-v2/NANOAODSIM,6.448e+06 +- 2.109e+04,6448000.0000,4361931,,0.000,0.676,4361931,1.000000,,,,,,,,
,QCDEM_50to80,/QCD_Pt-50to80_EMEnriched_TuneCP5_13TeV-pythia8/RunIISummer20UL16NanoAODAPVv9-106X_mcRun2_asymptotic_preVFP_v11-v2/NANOAODSIM,1.981e+06 +- 8.095e+03,1981000.0000,5440758,,0.000,2.746,5440758,1.000000,,,,,,,,
,QCDEM_80to120,/QCD_Pt-80to120_EMEnriched_TuneCP5_13TeV-pythia8/RunIISummer20UL16NanoAODAPVv9-106X_mcRun2_asymptotic_preVFP_v11-v2/NANOAODSIM,3.678e+05 +- 1.164e+03,367800.0000,4847354,,0.000,13.179,4848153,1.000165,,,,,,,,
,QCDEM_120to170,/QCD_Pt-120to170_EMEnriched_TuneCP5_13TeV-pythia8/RunIISummer20UL16NanoAODAPVv9-106X_mcRun2_asymptotic_preVFP_v11-v2/NANOAODSIM,6.649e+04 +- 2.676e+02,66490.0000,4852573,,0.000,72.982,4852625,1.000011,,,,,,,,
,QCDEM_170to300,/QCD_Pt-170to300_EMEnriched_TuneCP5_13TeV-pythia8/RunIISummer20UL16NanoAODAPVv9-106X_mcRun2_asymptotic_preVFP_v11-v2/NANOAODSIM,1.653e+04 +- 7.035e+01,16530.0000,1855461,,0.000,112.248,1855461,1.000000,,,,,,,,
,QCDEM_300toInf,/QCD_Pt-300toInf_EMEnriched_TuneCP5_13TeV-pythia8/RunIISummer20UL16NanoAODAPVv9-106X_mcRun2_asymptotic_preVFP_v11-v2/NANOAODSIM,1.126e+03 +- 1.927e+01,1126.0000,1142775,,0.000,1014.898,1142775,1.000000,,,,,,,,
,QCDMu_15to20,/QCD_Pt-15To20_MuEnrichedPt5_TuneCP5_13TeV-pythia8/RunIISummer20UL16NanoAODAPVv9-106X_mcRun2_asymptotic_preVFP_v11-v2/NANOAODSIM,2.795e+06 +- 1.094e+04,2795000.0000,4749558,,0.000,1.699,4750315,1.000159,,,,,,,,
,QCDMu_20to30,/QCD_Pt-20To30_MuEnrichedPt5_TuneCP5_13TeV-pythia8/RunIISummer20UL16NanoAODAPVv9-106X_mcRun2_asymptotic_preVFP_v11-v2/NANOAODSIM,2.527e+06 +- 1.053e+04,2527000.0000,31926643,,0.000,12.634,31927098,1.000014,,,,,,,,
,QCDMu_30to50,/QCD_Pt-30To50_MuEnrichedPt5_TuneCP5_13TeV-pythia8/RunIISummer20UL16NanoAODAPVv9-106X_mcRun2_asymptotic_preVFP_v11-v2/NANOAODSIM,1.367e+06 +- 5.810e+03,1267000.0000,28664840,,0.000,22.624,28664840,1.000000,,,,,,,,
,QCDMu_50to80,/QCD_Pt-50To80_MuEnrichedPt5_TuneCP5_13TeV-pythia8/RunIISummer20UL16NanoAODAPVv9-106X_mcRun2_asymptotic_preVFP_v11-v2/NANOAODSIM,3.776e+05 +- 1.424e+03,377600.0000,19724658,,0.000,52.237,19724658,1.000000,,,,,,,,
,QCDMu_80to120,/QCD_Pt-80To120_MuEnrichedPt5_TuneCP5_13TeV-pythia8/RunIISummer20UL16NanoAODAPVv9-106X_mcRun2_asymptotic_preVFP_v11-v2/NANOAODSIM,8.950e+04 +- 5.294e+02,89500.0000,21978558,,0.000,245.570,21981115,1.000116,,,,,,,,
,QCDMu_120to170,/QCD_Pt-120To170_MuEnrichedPt5_TuneCP5_13TeV-pythia8/RunIISummer20UL16NanoAODAPVv9-106X_mcRun2_asymptotic_preVFP_v11-v2/NANOAODSIM,2.121e+04 +- 7.274e+01,21210.0000,19136907,,0.000,902.259,19137372,1.000024,,,,,,,,
,QCDMu_170to300,/QCD_Pt-170To300_MuEnrichedPt5_TuneCP5_13TeV-pythia8/RunIISummer20UL16NanoAODAPVv9-106X_mcRun2_asymptotic_preVFP_v11-v2/NANOAODSIM,7.003e+03 +- 2.896e+01,7003.0000,37080544,,0.000,5294.951,37080544,1.000000,,,,,,,,
,QCDMu_300to470,/QCD_Pt-300To470_MuEnrichedPt5_TuneCP5_13TeV-pythia8/RunIISummer20UL16NanoAODAPVv9-106X_mcRun2_asymptotic_preVFP_v11-v2/NANOAODSIM,6.219e+02 +- 2.545e+00,621.9000,28465385,,0.000,45771.643,28465386,1.000000,,,,,,,,
,QCDMu_470to600,/QCD_Pt-470To600_MuEnrichedPt5_TuneCP5_13TeV-pythia8/RunIISummer20UL16NanoAODAPVv9-106X_mcRun2_asymptotic_preVFP_v11-v2/NANOAODSIM,5.927e+01 +- 2.418e-01,59.2700,19695298,,0.000,332297.925,19695364,1.000003,,,,,,,,
,QCDMu_600to800,/QCD_Pt-600To800_MuEnrichedPt5_TuneCP5_13TeV-pythia8/RunIISummer20UL16NanoAODAPVv9-106X_mcRun2_asymptotic_preVFP_v11-v2/NANOAODSIM,1.822e+01 +- 7.375e-02,18.2200,19598815,,0.000,1075675.906,19598815,1.000000,,,,,,,,
,QCDMu_800to1000,/QCD_Pt-800To1000_MuEnrichedPt5_TuneCP5_13TeV-pythia8/RunIISummer20UL16NanoAODAPVv9-106X_mcRun2_asymptotic_preVFP_v11-v2/NANOAODSIM,3.295e+00 +- 1.326e-02,3.2950,38933940,,0.000,11816066.768,38933940,1.000000,,,,,,,,
,QCDMu_1000,/QCD_Pt-1000_MuEnrichedPt5_TuneCP5_13TeV-pythia8/RunIISummer20UL16NanoAODAPVv9-106X_mcRun2_asymptotic_preVFP_v11-v2/NANOAODSIM,1.078e+00 +- 4.340e-03,1.0780,13660999,,0.000,12672540.816,13660999,1.000000,,,,,,,,
,,,,,,,,,,,,,,,,,,
,VLL Doublet,,,,,,,,,,,,badFilter,nCorrected,,,,
,VLLD-ele_100,/VLLD_ele_M100_TuneCP5_13TeV-madgraph-pythia8/RunIISummer20UL16NanoAODv9-106X_mcRun2_asymptotic_v17-v1/NANOAODSIM,4.592e-04 +- 2.503e-07,16.878000,249063,,0.000,3326.152,115,0.000462,prudhvib@umich.edu,,0.7746,56139,,,,
,VLLD-ele_200,/VLLD_ele_M200_TuneCP5_13TeV-madgraph-pythia8/RunIISummer20UL16NanoAODv9-106X_mcRun2_asymptotic_v17-v1/NANOAODSIM,4.930e-02 +- 6.116e-05,1.359000,150000,,0.000,27516.556,7351,0.049007,prudhvib@umich.edu,,0.7507,37395,,,,
,VLLD-ele_300,/VLLD_ele_M300_TuneCP5_13TeV-madgraph-pythia8/RunIISummer20UL16NanoAODv9-106X_mcRun2_asymptotic_v17-v1/NANOAODSIM,1.386e-01 +- 3.913e-04,0.291310,50000,,0.000,43098.417,7014,0.140280,prudhvib@umich.edu,,0.7489,12555,,,,
,VLLD-ele_400,/VLLD_ele_M400_TuneCP5_13TeV-madgraph-pythia8/RunIISummer20UL16NanoAODv9-106X_mcRun2_asymptotic_v17-v1/NANOAODSIM,2.495e-01 +- 3.108e-04,0.090680,50000,,0.000,137957.653,12556,0.251120,prudhvib@umich.edu,,0.7498,12510,,,,
,VLLD-ele_600,/VLLD_ele_M600_TuneCP5_13TeV-madgraph-pythia8/RunIISummer20UL16NanoAODv9-106X_mcRun2_asymptotic_v17-v1/NANOAODSIM,2.511e-01 +- 1.267e-04,0.014871,50000,,0.000,845605.541,12556,0.251120,prudhvib@umich.edu,,0.7485,12575,,,,
,VLLD-ele_800,/VLLD_ele_M800_TuneCP5_13TeV-madgraph-pythia8/RunIISummer20UL16NanoAODv9-106X_mcRun2_asymptotic_v17-v1/NANOAODSIM,5.988e-01 +- 3.216e-04,0.003482,50000,,0.000,3641585.296,29879,0.597580,prudhvib@umich.edu,,0.7464,12680,,,,
,VLLD-ele_1000,/VLLD_ele_M1000_TuneCP5_13TeV-madgraph-pythia8/RunIISummer20UL16NanoAODv9-106X_mcRun2_asymptotic_v17-v1/NANOAODSIM,6.267e-01 +- 3.329e-04,0.000977,50000,,0.000,12968270.215,31261,0.625220,prudhvib@umich.edu,,0.7466,12670,,,,
,VLLD-ele_1200,/VLLD_ele_M1200_TuneCP5_13TeV-madgraph-pythia8/RunIISummer20UL16NanoAODv9-106X_mcRun2_asymptotic_v17-v1/NANOAODSIM,5.763e-01 +- 4.362e-04,0.000303,50000,,0.000,41815181.518,28768,0.575360,prudhvib@umich.edu,,0.7466,12670,,,,
,VLLD-ele_1400,/VLLD_ele_M1400_TuneCP5_13TeV-madgraph-pythia8/RunIISummer20UL16NanoAODv9-106X_mcRun2_asymptotic_v17-v1/NANOAODSIM,,0.000101,50000,,,124353362.515,24248,0.484960,prudhvib@umich.edu,,0.7500,12500,,,,
,VLLD-mu_100,/VLLD_mu_M100_TuneCP5_13TeV-madgraph-pythia8/RunIISummer20UL16NanoAODv9-106X_mcRun2_asymptotic_v17-v1/NANOAODSIM,4.590e-04 +- 3.461e-07,16.878000,250000,,0.000,3322.372,115,0.000460,prudhvib@umich.edu,,0.7757,56075,,,,
,VLLD-mu_200,/VLLD_mu_M200_TuneCP5_13TeV-madgraph-pythia8/RunIISummer20UL16NanoAODv9-106X_mcRun2_asymptotic_v17-v1/NANOAODSIM,4.931e-02 +- 6.844e-05,1.359000,150000,,0.000,27461.369,7346,0.048973,prudhvib@umich.edu,,0.7512,37320,,,,
,VLLD-mu_300,/VLLD_mu_M300_TuneCP5_13TeV-madgraph-pythia8/RunIISummer20UL16NanoAODv9-106X_mcRun2_asymptotic_v17-v1/NANOAODSIM,1.408e-01 +- 1.622e-04,0.291310,50000,,0.000,43149.909,7012,0.140240,prudhvib@umich.edu,,0.7486,12570,,,,
,VLLD-mu_400,/VLLD_mu_M400_TuneCP5_13TeV-madgraph-pythia8/RunIISummer20UL16NanoAODv9-106X_mcRun2_asymptotic_v17-v1/NANOAODSIM,2.480e-01 +- 4.852e-04,0.090680,50000,,0.000,136248.346,12545,0.250900,prudhvib@umich.edu,,0.7529,12355,,,,
,VLLD-mu_600,/VLLD_mu_M600_TuneCP5_13TeV-madgraph-pythia8/RunIISummer20UL16NanoAODv9-106X_mcRun2_asymptotic_v17-v1/NANOAODSIM,4.655e-01 +- 2.543e-04,0.014871,50000,,0.000,845269.316,23300,0.466000,prudhvib@umich.edu,,0.7486,12570,,,,
,VLLD-mu_800,/VLLD_mu_M800_TuneCP5_13TeV-madgraph-pythia8/RunIISummer20UL16NanoAODv9-106X_mcRun2_asymptotic_v17-v1/NANOAODSIM,5.988e-01 +- 7.261e-04,0.003482,50000,,0.000,3611430.213,29889,0.597780,prudhvib@umich.edu,,0.7485,12575,,,,
,VLLD-mu_1000,/VLLD_mu_M1000_TuneCP5_13TeV-madgraph-pythia8/RunIISummer20UL16NanoAODv9-106X_mcRun2_asymptotic_v17-v1/NANOAODSIM,6.282e-01 +- 3.056e-04,0.000977,50000,,0.000,12845445.241,31329,0.626580,prudhvib@umich.edu,,0.7490,12550,,,,
,VLLD-mu_1200,/VLLD_mu_M1200_TuneCP5_13TeV-madgraph-pythia8/RunIISummer20UL16NanoAODv9-106X_mcRun2_asymptotic_v17-v1/NANOAODSIM,5.787e-01 +- 5.721e-04,0.000303,50000,,0.000,41419141.914,28776,0.575520,prudhvib@umich.edu,,0.7490,12550,,,,
,VLLD-mu_1400,/VLLD_mu_M1400_TuneCP5_13TeV-madgraph-pythia8/RunIISummer20UL16NanoAODv9-106X_mcRun2_asymptotic_v17-v1/NANOAODSIM,,0.000101,50000,,,124353362.515,24270,0.485400,prudhvib@umich.edu,,0.7500,12500,,,,