,,2017_UL,,,,,,,,,,,,,,
,"Samples are ordered by categories, then within each category, alphanumerically.",,,,,,,,,,,,,,,
,,,,,,,,,,,,,,,,
,,Data,,,,,,,,,,,,,,
,sample_subsample,Full DAS string,nEvtTotal,"Lumi (pb-1)
(Golden JSON)",,,,True value,,,,,,,,
,,,,,,,,,,,,,,,,
,Muon_B,/SingleMuon/Run2017B-UL2017_MiniAODv2_NanoAODv9-v1/NANOAOD,136300266,,,,,136300266,,,,,,,,
,Muon_C,/SingleMuon/Run2017C-UL2017_MiniAODv2_NanoAODv9-v1/NANOAOD,165652756,,,,,165652756,,,,,,,,
,Muon_D,/SingleMuon/Run2017D-UL2017_MiniAODv2_NanoAODv9-v1/NANOAOD,70361660,,,,,70361660,,,,,,,,
,Muon_E,/SingleMuon/Run2017E-UL2017_MiniAODv2_NanoAODv9-v1/NANOAOD,154618774,,,,,154618774,,,,,,,,
,Muon_F,/SingleMuon/Run2017F-UL2017_MiniAODv2_NanoAODv9-v1/NANOAOD,242140980,,,,,242140980,,,,,,,,
,,,,,,,,,,,,,,,,
,EGamma_B,/SingleElectron/Run2017B-UL2017_MiniAODv2_NanoAODv9-v1/NANOAOD,60537490,,,,,60537490,,,,,,,,
,EGamma_C,/SingleElectron/Run2017C-UL2017_MiniAODv2_NanoAODv9-v1/NANOAOD,136637888,,,,,136637888,,,,,,,,
,EGamma_D,/SingleElectron/Run2017D-UL2017_MiniAODv2_NanoAODv9-v1/NANOAOD,51512837,,,,,51512837,,,,,,,,
,EGamma_E,/SingleElectron/Run2017E-UL2017_MiniAODv2_NanoAODv9-v1/NANOAOD,102122055,,,,,102122055,,,,,,,,
,EGamma_F,/SingleElectron/Run2017F-UL2017_MiniAODv2_NanoAODv9-v1/NANOAOD,128467223,,,,,128467223,,,,,,,,
,,,Total,41480.0000,,,,,,,,,,,,
,,Golden JSON = Cert_294927-306462_13TeV_UL2017_Collisions17_GoldenJSON.txt,,,,,,,,,,,,,,
,,,,,,,,,,,,,,,,
,,,,,,,,,,,,,,,,
,,,,,,,,,,,,,,,,
,,,,,,,,,,,,,,,,
,,,,,,,,,,,,,,,,
,,,,,,,,,,,,,,,,
,,,,,,,,,,,,,,,,
,,,,,,,,,,,,,,,,
,,MC (SM backgrounds),,,,,,,,,,,,,,
,sample_subsample,Full DAS string,xSec (pb),xSec (pb) (used),nEvtGen,nEvtPass,Accp (%),Lumi (pb-1),Comments/Source,,,,,,,
,,,,,,,,,,,,,,,,
,Single W production,,,,,,,,,,,,,,,
,WtoLNu_Inclusive,/WJetsToLNu_TuneCP5_13TeV-amcatnloFXFX-pythia8/RunIISummer20UL17NanoAODv9-106X_mc2017_realistic_v9-v2/NANOAODSIM,6.748e+04 +- 6.117e+02,67480.0000,26454101,,0.000,392.029,,,,,,,,
,WtoLNu_70to100,/WJetsToLNu_HT-70To100_TuneCP5_13TeV-madgraphMLM-pythia8/RunIISummer20UL17NanoAODv9-106X_mc2017_realistic_v9-v1/NANOAODSIM,1.267e+03 +- 5.402e+00,1267.0000,44576510,,0.000,35182.723,,,,,,,,
,WtoLNu_100to200,/WJetsToLNu_HT-100To200_TuneCP5_13TeV-madgraphMLM-pythia8/RunIISummer20UL17NanoAODv9-106X_mc2017_realistic_v9-v1/NANOAODSIM,1.259e+03 +- 5.438e+00,1259.0000,47424468,,0.000,37668.362,,,,,,,,
,WtoLNu_200to400,/WJetsToLNu_HT-200To400_TuneCP5_13TeV-madgraphMLM-pythia8/RunIISummer20UL17NanoAODv9-106X_mc2017_realistic_v9-v1/NANOAODSIM,3.372e+02 +- 1.513e+00,337.2000,42281979,,0.000,125391.397,,,,,,,,
,WtoLNu_400to600,/WJetsToLNu_HT-400To600_TuneCP5_13TeV-madgraphMLM-pythia8/RunIISummer20UL17NanoAODv9-106X_mc2017_realistic_v9-v1/NANOAODSIM,4.516e+01 +- 1.971e-01,45.1600,5468473,,0.000,121091.076,,,,,,,,
,WtoLNu_600to800,/WJetsToLNu_HT-600To800_TuneCP5_13TeV-madgraphMLM-pythia8/RunIISummer20UL17NanoAODv9-106X_mc2017_realistic_v9-v1/NANOAODSIM,1.091e+01 +- 4.864e-02,10.9100,5545298,,0.000,508276.627,,,,,,,,
,WtoLNu_800to1200,/WJetsToLNu_HT-800To1200_TuneCP5_13TeV-madgraphMLM-pythia8/RunIISummer20UL17NanoAODv9-106X_mc2017_realistic_v9-v3/NANOAODSIM,4.937e+00 +- 2.171e-02,4.9370,5088483,,0.000,1030683.208,,,,,,,,
,WtoLNu_1200to2500,/WJetsToLNu_HT-1200To2500_TuneCP5_13TeV-madgraphMLM-pythia8/RunIISummer20UL17NanoAODv9-106X_mc2017_realistic_v9-v1/NANOAODSIM,1.156e+00 +- 6.101e-03,1.1560,4752118,,0.000,4110828.720,,,,,,,,
,WtoLNu_2500toInf,/WJetsToLNu_HT-2500ToInf_TuneCP5_13TeV-madgraphMLM-pythia8/RunIISummer20UL17NanoAODv9-106X_mc2017_realistic_v9-v2/NANOAODSIM,2.643e-02 +- 1.817e-04,0.0264,1185699,,,44861861.521,,,,,,,,
,WGtoLNuG_Inclusive,/WGToLNuG_01J_5f_TuneCP5_13TeV-amcatnloFXFX-pythia8/RunIISummer20UL17NanoAODv9-106X_mc2017_realistic_v9-v1/NANOAODSIM,1.913e+02 +- 1.046e+00,191.3000,60212926,,0.000,314756.539,,,,,,,,
,,,,,,,,,,,,,,,,
,Single Z production,,,,,,,,,,,,,,,
,DYto2L_10to50,/DYJetsToLL_M-10to50_TuneCP5_13TeV-madgraphMLM-pythia8/RunIISummer20UL17NanoAODv9-106X_mc2017_realistic_v9-v1/NANOAODSIM,1.589e+04 +- 2.550e+01,18610.0000,68480179,,0.000,3679.752,arXiv:2202.08676,,,,,,,
,DYto2L_50toInf,/DYJetsToLL_M-50_TuneCP5_13TeV-madgraphMLM-pythia8/RunIISummer20UL17NanoAODv9-106X_mc2017_realistic_v9_ext1-v1/NANOAODSIM,5.361e+03 +- 4.847e+01,5675.0000,101390731,,0.000,17866.208,arXiv:2202.08676,,,,,,,
,DYGToLLG_Inclusive,/ZGToLLG_01J_5f_TuneCP5_13TeV-amcatnloFXFX-pythia8/RunIISummer20UL17NanoAODv9-106X_mc2017_realistic_v9-v1/NANOAODSIM,5.144e+01 +- 3.608e-01,51.4400,29890946,,0.000,581083.709,,,,,,,,
,,,,,,,,,,,,,,,,
,TTBar production,,,,,,,,,,Production,decay of dau1,decay of dau2,permutation,Final xsec,https://twiki.cern.ch/twiki/bin/view/LHCPhysics/TtbarNNLO
,TT_TTto2L2Nu,/TTTo2L2Nu_TuneCP5_13TeV-powheg-pythia8/RunIISummer20UL17NanoAODv9-106X_mc2017_realistic_v9-v1/NANOAODSIM,6.871e+02 +- 5.174e-01,88.2900,106724000,,0.000,1208789.217,arXiv:2202.08676,,833.9,0.3258,0.3258,1,88.514849 ,
,TT_TTtoLNu2Q,/TTToSemiLeptonic_TuneCP5_13TeV-powheg-pythia8/RunIISummer20UL17NanoAODv9-106X_mc2017_realistic_v9-v1/NANOAODSIM,6.871e+02 +- 5.174e-01,365.3400,344772000,,0.000,943701.757,arXiv:2202.08676,,833.9,0.3258,0.6741,2,366.285205 ,
,,,,,,,,,,,,,,,,
,Single top production,,,,,,,,,,Production,https://twiki.cern.ch/twiki/bin/view/LHCPhysics/SingleTopNNLORef,,,,
,ST_s-channel,/ST_s-channel_4f_leptonDecays_TuneCP5_13TeV-amcatnlo-pythia8/RunIISummer20UL17NanoAODv9-106X_mc2017_realistic_v9-v1/NANOAODSIM,3.549e+00 +- 3.082e-03,3.7400,13620000,,0.000,3641711.230,arXiv:2202.08676,,11.073,,,,,
,ST_t-channel-antitop,/ST_t-channel_antitop_4f_InclusiveDecays_TuneCP5_13TeV-powheg-madspin-pythia8/RunIISummer20UL17NanoAODv9-106X_mc2017_realistic_v9-v1/NANOAODSIM,6.793e+01 +- 4.479e-01,67.9300,69793000,,0.000,1027425.291,,,80,,,,,
,ST_t-channel-top,/ST_t-channel_top_4f_InclusiveDecays_TuneCP5_13TeV-powheg-madspin-pythia8/RunIISummer20UL17NanoAODv9-106X_mc2017_realistic_v9-v1/NANOAODSIM,1.134e+02 +- 8.831e-01,113.4000,129903000,,0.000,1145529.101,,,134.2,,,,,
,,,,,,,,,,,,,,,,
,TW,,,,,,,,,,,,,,,
,TW_antitop,/ST_tW_antitop_5f_inclusiveDecays_TuneCP5_13TeV-powheg-pythia8/RunIISummer20UL17NanoAODv9-106X_mc2017_realistic_v9-v2/NANOAODSIM,3.251e+01 +- 2.346e-02,32.5100,5674000,,0.000,174530.914,,,79.3,,,,,
,TW_top,/ST_tW_top_5f_inclusiveDecays_TuneCP5_13TeV-powheg-pythia8/RunIISummer20UL17NanoAODv9-106X_mc2017_realistic_v9-v2/NANOAODSIM,3.245e+01 +- 2.338e-02,32.4500,5649000,,0.000,174083.205,,,79.3,,,,,
,,,,,,,,,,,,,,,,
,TT + V,,,,,,,,,,,,,,,
,TTV_TTWtoLNu,/TTWJetsToLNu_TuneCP5_13TeV-amcatnloFXFX-madspin-pythia8/RunIISummer20UL17NanoAODv9-106X_mc2017_realistic_v9-v1/NANOAODSIM,2.157e-01 +- 1.122e-03,0.2157,7140411,,0.000,33103435.327,,,,,,,,
,TTV_TTZtoLL,/TTZToLL_TuneCP5_13TeV_amcatnlo-pythia8/RunIISummer20UL17NanoAODv9-106X_mc2017_realistic_v9-v3/NANOAODSIM,7.468e-02 +- 1.473e-04,0.0747,29787000,,0.000,398861810.391,,,,,,,,
,,,,,,,,,,,,,,,,
,RareTop,,,,,,,,,,,,,,,
,RareTop_THQ,/THQ_ctcvcp_4f_Hincl_TuneCP5_13TeV_madgraph_pythia8/RunIISummer20UL17NanoAODv9-106X_mc2017_realistic_v9-v2/NANOAODSIM,7.445e-01 +- 1.190e-03,0.3189,7158996,,0.000,22449031.044,arXiv:2202.08676,,,,,,,
,RareTop_THW,/THW_ctcvcp_5f_Hincl_TuneCP5_13TeV_madgraph_pythia8/RunIISummer20UL17NanoAODv9-106X_mc2017_realistic_v9-v1/NANOAODSIM,1.476e-01 +- 2.754e-04,0.1503,14325000,,0.000,95309381.238,arXiv:2202.08676,,,,,,,
,RareTop_TTHH,/TTHH_TuneCP5_13TeV-madgraph-pythia8/RunIISummer20UL17NanoAODv9-106X_mc2017_realistic_v9-v2/NANOAODSIM,6.679e-04 +- 9.961e-07,0.0007,360000,,0.000,540946656.649,arXiv:2202.08676,,,,,,,
,RareTop_TTTJ,/TTTJ_TuneCP5_13TeV-madgraph-pythia8/RunIISummer20UL17NanoAODv9-106X_mc2017_realistic_v9-v2/NANOAODSIM,4.007e-04 +- 4.989e-07,0.0004,354000,,0.000,890790135.883,arXiv:2202.08676,,,,,,,
,RareTop_TTTT,/TTTT_TuneCP5_13TeV-amcatnlo-pythia8/RunIISummer20UL17NanoAODv9-106X_mc2017_realistic_v9-v2/NANOAODSIM,8.091e-03 +- 1.165e-05,0.0082,10351000,,0.000,1260319006.453,arXiv:2202.08676,,,,,,,
,RareTop_TTTW,/TTTW_TuneCP5_13TeV-madgraph-pythia8/RunIISummer20UL17NanoAODv9-106X_mc2017_realistic_v9-v2/NANOAODSIM,7.310e-04 +- 1.001e-06,0.0007,360000,,0.000,490329610.460,arXiv:2202.08676,,,,,,,
,RareTop_TTWH,/TTWH_TuneCP5_13TeV-madgraph-pythia8/RunIISummer20UL17NanoAODv9-106X_mc2017_realistic_v9-v2/NANOAODSIM,1.141e-03 +- 1.388e-06,0.0011,360000,,0.000,315512708.151,arXiv:2202.08676,,,,,,,
,RareTop_TTWW,/TTWW_TuneCP5_13TeV-madgraph-pythia8/RunIISummer20UL17NanoAODv9-106X_mc2017_realistic_v9-v1/NANOAODSIM,6.994e-03 +- 7.821e-06,0.0070,698000,,0.000,99785561.115,arXiv:2202.08676,,,,,,,
,RareTop_TTWZ,/TTWZ_TuneCP5_13TeV-madgraph-pythia8/RunIISummer20UL17NanoAODv9-106X_mc2017_realistic_v9-v1/NANOAODSIM,2.456e-03 +- 6.628e-06,0.0024,350000,,0.000,142973856.209,arXiv:2202.08676,,,,,,,
,RareTop_TTZH,/TTZH_TuneCP5_13TeV-madgraph-pythia8/RunIISummer20UL17NanoAODv9-106X_mc2017_realistic_v9-v2/NANOAODSIM,1.136e-03 +- 1.300e-06,0.0011,350000,,0.000,310008857.396,arXiv:2202.08676,,,,,,,
,RareTop_TTZZ,/TTZZ_TuneCP5_13TeV-madgraph-pythia8/RunIISummer20UL17NanoAODv9-106X_mc2017_realistic_v9-v1/NANOAODSIM,1.390e-03 +- 1.667e-06,0.0014,327000,,0.000,235930735.931,arXiv:2202.08676,,,,,,,
,RareTop_TZQB,/tZq_ll_4f_ckm_NLO_TuneCP5_13TeV-amcatnlo-pythia8/RunIISummer20UL17NanoAODv9-106X_mc2017_realistic_v9-v1/NANOAODSIM,7.561e-02 +- 2.088e-04,0.9420,9530000,,0.000,10116772.824,arXiv:2202.08676,,,,,,,
,,,,,,,,,,,,,,,,
,VV,,,,,,,,,,,,,,,
,VVSS_WpWpEWK,/WpWpJJ_EWK_TuneCP5_13TeV-madgraph-pythia8/RunIISummer20UL17NanoAODv9-106X_mc2017_realistic_v9-v2/NANOAODSIM,2.786e-02 +- 9.023e-05,0.0279,150000,,0.000,5384063.173,,,,,,,,
,VVSS_WpWpQCD,/WpWpJJ_QCD_TuneCP5_13TeV-madgraph-pythia8/RunIISummer20UL17NanoAODv9-106X_mc2017_realistic_v9-v2/NANOAODSIM,2.358e-02 +- 9.513e-05,0.0236,148000,,0.000,6276505.513,,,,,,,,
,VV_WWto2L2Nu,/WWTo2L2Nu_TuneCP5_13TeV-powheg-pythia8/RunIISummer20UL17NanoAODv9-106X_mc2017_realistic_v9-v2/NANOAODSIM,1.109e+01 +- 7.040e-03,11.0900,7098000,,0.000,640036.069,,,,,,,,
,VV_WWto4Q,/WWTo4Q_4f_TuneCP5_13TeV-amcatnloFXFX-pythia8/RunIISummer20UL17NanoAODv9-106X_mc2017_realistic_v9-v1/NANOAODSIM,5.191e+01 +- 5.683e-01,51.9100,39443728,,0.000,759848.353,,,,,,,,
,VV_WWtoLNu2Q,/WWTo1L1Nu2Q_4f_TuneCP5_13TeV-amcatnloFXFX-pythia8/RunIISummer20UL17NanoAODv9-106X_mc2017_realistic_v9-v1/NANOAODSIM,5.090e+01 +- 2.135e-01,50.9000,39931603,,0.000,784510.864,,,,,,,,
,VV_WZto2L2Q,/WZTo2Q2L_mllmin4p0_TuneCP5_13TeV-amcatnloFXFX-pythia8/RunIISummer20UL17NanoAODv9-106X_mc2017_realistic_v9-v2/NANOAODSIM,6.409e+00 +- 2.368e-02,6.4090,29091996,,0.000,4539241.067,,,,,,,,
,VV_WZto3LNu,/WZTo3LNu_TuneCP5_13TeV-amcatnloFXFX-pythia8/RunIISummer20UL17NanoAODv9-106X_mc2017_realistic_v9-v2/NANOAODSIM,5.249e+00 +- 1.981e-02,5.2490,10339582,,0.000,1969819.394,,,,,,,,
,VV_WZtoLNu2Q,/WZTo1L1Nu2Q_4f_TuneCP5_13TeV-amcatnloFXFX-pythia8/RunIISummer20UL17NanoAODv9-106X_mc2017_realistic_v9-v1/NANOAODSIM,9.370e+00 +- 2.956e-01,9.3700,7345742,,0.000,783963.927,,,,,,,,
,VV_ZZto2L2Nu,/ZZTo2L2Nu_TuneCP5_13TeV_powheg_pythia8/RunIISummer20UL17NanoAODv9-106X_mc2017_realistic_v9-v1/NANOAODSIM,9.738e-01 +- 9.971e-04,0.9738,40839000,,0.000,41937769.563,,,,,,,,
,VV_ZZto2L2Q,/ZZTo2Q2L_mllmin4p0_TuneCP5_13TeV-amcatnloFXFX-pythia8/RunIISummer20UL17NanoAODv9-106X_mc2017_realistic_v9-v1/NANOAODSIM,3.689e+00 +- 1.627e-02,3.6890,29521496,,0.000,8002574.139,,,,,,,,
,VV_ZZto2Nu2Q,/ZZTo2Nu2Q_5f_TuneCP5_13TeV-amcatnloFXFX-pythia8/RunIISummer20UL17NanoAODv9-106X_mc2017_realistic_v9-v1/NANOAODSIM,4.501e+00 +- 2.026e-02,4.5010,4934394,,0.000,1096288.380,,,,,,,,
,VV_ZZto4L,/ZZTo4L_TuneCP5_13TeV_powheg_pythia8/RunIISummer20UL17NanoAODv9-106X_mc2017_realistic_v9-v2/NANOAODSIM,1.325e+00 +- 1.220e-03,1.3250,99388000,,0.000,75009811.321,,,,,,,,
,,,,,,,,,,,,,,,,
,VVV,,,,,,,,,,,,,,,
,VVV_WWW,/WWW_4F_TuneCP5_13TeV-amcatnlo-pythia8/RunIISummer20UL17NanoAODv9-106X_mc2017_realistic_v9-v1/NANOAODSIM,2.158e-01 +- 2.479e-04,0.2158,171000,,0.000,792400.371,,,,,,,,
,VVV_WWZ,/WWZ_4F_TuneCP5_13TeV-amcatnlo-pythia8/RunIISummer20UL17NanoAODv9-106X_mc2017_realistic_v9-v1/NANOAODSIM,1.707e-01 +- 1.757e-04,0.1707,178000,,0.000,1042765.085,,,,,,,,
,VVV_WZZ,/WZZ_TuneCP5_13TeV-amcatnlo-pythia8/RunIISummer20UL17NanoAODv9-106X_mc2017_realistic_v9-v1/NANOAODSIM,5.709e-02 +- 6.213e-05,0.0571,298000,,0.000,5219828.341,,,,,,,,
,VVV_ZZZ,/ZZZ_TuneCP5_13TeV-amcatnlo-pythia8/RunIISummer20UL17NanoAODv9-106X_mc2017_realistic_v9-v1/NANOAODSIM,1.476e-02 +- 4.809e-06,0.0148,178000,,0.000,12059620.596,,,https://twiki.cern.ch/twiki/bin/view/LHCPhysics/CERNYellowReportPageBR,,,,,
,,,,,,,,,,,https://twiki.cern.ch/twiki/bin/view/LHCPhysics/CERNYellowReportPageAt13TeV,,,,,
,Higgs,,,,,,,,,,Production,decay of H,decay of dau,permutation,Final xsec,
,Higgs_GGHHto2W,/GluGluHToWWTo2L2Nu_M125_TuneCP5_13TeV_powheg2_JHUGenV714_pythia8/RunIISummer20UL17NanoAODv9-106X_mc2017_realistic_v9-v2/NANOAODSIM,2.147e+01 +- 1.033e-02,0.122400 ,6683000,,0.000,54599673.203,,,48.5800,0.2137,0.1061,1,1.101956 ,
,Higgs_GGHHtoZZ,/GluGluHToZZTo4L_M125_TuneCP5_13TeV_powheg2_JHUGenV7011_pythia8/RunIISummer20UL17NanoAODv9-106X_mc2017_realistic_v9-v2/NANOAODSIM,2.887e+01 +- 2.027e-02,0.012981 ,998000,,0.000,76881596.179,,,48.5800,0.0262,0.0102,1,0.012981 ,
,Higgs_TTHtoNon2B,/ttHToNonbb_M125_TuneCP5_13TeV-powheg-pythia8/RunIISummer20UL17NanoAODv9-106X_mc2017_realistic_v9-v2/NANOAODSIM,5.013e-01 +- 1.171e-02,0.211800 ,5070989,,0.000,23942346.553,arXiv:2202.08676,,0.5071,0.4176,1.0000,1,0.211765 ,
,Higgs_VBFHto2Zto2L2Nu,/VBF_HToZZTo2L2Nu_M125_TuneCP5_13TeV_powheg2_JHUGenV735_pythia8/RunIISummer20UL17NanoAODv9-106X_mc2017_realistic_v9-v2/NANOAODSIM,3.935e+00 +- 1.774e-02,0.000400 ,500000,,0.000,1250000000.000,,,3.7820,0.0262,0.0020,2,0.000400 ,
,Higgs_VBFHto2Zto4L,/VBF_HToZZTo4L_M125_TuneCP5_13TeV_powheg2_JHUGenV7011_pythia8/RunIISummer20UL17NanoAODv9-106X_mc2017_realistic_v9-v2/NANOAODSIM,3.935e+00 +- 1.774e-02,0.001011 ,499000,,0.000,493570722.057,,,3.7820,0.0262,0.0102,1,0.001011 ,
,Higgs_WminusHHto2C,/WminusH_HToCC_WToLNu_M-125_TuneCP5_13TeV-powheg-pythia8/RunIISummer20UL17NanoAODv9-106X_mc2017_realistic_v9-v1/NANOAODSIM,1.770e-01 +- 3.673e-04,0.001293 ,4732555,,0.000,3659569285.493,,,1.3730,0.0289,0.3258,1,0.012932 ,
,Higgs_WminusHHto2B,/WminusH_HToBB_WToLNu_M-125_TuneCP5_13TeV-powheg-pythia8/RunIISummer20UL17NanoAODv9-106X_mc2017_realistic_v9-v1/NANOAODSIM,1.770e-01 +- 3.673e-04,0.260521 ,4787000,,0.000,18374718.353,,,1.3730,0.5824,0.3258,1,0.260521 ,
,Higgs_WplusHHtoZG,/WminusH_HToZG_WToAll_M-125_TuneCP5_13TeV-powheg-pythia8/RunIISummer20UL17NanoAODv9-106X_mc2017_realistic_v9-v1/NANOAODSIM,5.413e-01 +- 5.711e-04,0.001355 ,299988,,0.000,221393357.934,,,0.8839,0.0015,1.0000,1,0.001355 ,
,Higgs_bbHto2Z,/bbH_HToZZTo4L_M125_TuneCP2_13TeV-jhugenv7011-pythia8/RunIISummer20UL17NanoAODv9-106X_mc2017_realistic_v9-v2/NANOAODSIM,1.000e+00 +- 1.000e+14,0.000141 ,492928,,0.000,3495943262.411,,,0.5277,0.0262,0.0102,1,0.000141 ,
,,,,,,,,,,,,,,,,
,QCD,,,,,,,,,,,,,,,
,QCDEM_15to20,/QCD_Pt-15to20_EMEnriched_TuneCP5_13TeV-pythia8/RunIISummer20UL17NanoAODv9-106X_mc2017_realistic_v9-v2/NANOAODSIM,1.317e+06 +- 7.901e+03,1317000.0000,7966910,,0.000,6.049,,,,,,,,
,QCDEM_20to30,/QCD_Pt-20to30_EMEnriched_TuneCP5_13TeV-pythia8/RunIISummer20UL17NanoAODv9-106X_mc2017_realistic_v9-v2/NANOAODSIM,4.880e+06 +- 3.616e+04,4880000.0000,14166147,,0.000,2.903,,,,,,,,
,QCDEM_30to50,/QCD_Pt-30to50_EMEnriched_TuneCP5_13TeV-pythia8/RunIISummer20UL17NanoAODv9-106X_mc2017_realistic_v9-v2/NANOAODSIM,6.448e+06 +- 2.109e+04,6448000.0000,8784542,,0.000,1.362,,,,,,,,
,QCDEM_50to80,/QCD_Pt-50to80_EMEnriched_TuneCP5_13TeV-pythia8/RunIISummer20UL17NanoAODv9-106X_mc2017_realistic_v9-v2/NANOAODSIM,1.981e+06 +- 8.095e+03,1981000.0000,10210400,,0.000,5.154,,,,,,,,
,QCDEM_80to120,/QCD_Pt-80to120_EMEnriched_TuneCP5_13TeV-pythia8/RunIISummer20UL17NanoAODv9-106X_mc2017_realistic_v9-v2/NANOAODSIM,3.678e+05 +- 1.164e+03,367800.0000,9615795,,0.000,26.144,,,,,,,,
,QCDEM_120to170,/QCD_Pt-120to170_EMEnriched_TuneCP5_13TeV-pythia8/RunIISummer20UL17NanoAODv9-106X_mc2017_realistic_v9-v2/NANOAODSIM,6.649e+04 +- 2.676e+02,66490.0000,9904245,,0.000,148.958,,,,,,,,
,QCDEM_170to300,/QCD_Pt-170to300_EMEnriched_TuneCP5_13TeV-pythia8/RunIISummer20UL17NanoAODv9-106X_mc2017_realistic_v9-v2/NANOAODSIM,1.653e+04 +- 7.035e+01,16530.0000,3678200,,0.000,222.517,,,,,,,,
,QCDEM_300toInf,/QCD_Pt-300toInf_EMEnriched_TuneCP5_13TeV-pythia8/RunIISummer20UL17NanoAODv9-106X_mc2017_realistic_v9-v2/NANOAODSIM,1.126e+03 +- 1.927e+01,1126.0000,2214934,,0.000,1967.082,,,,,,,,
,QCDMu_15to20,/QCD_Pt-15To20_MuEnrichedPt5_TuneCP5_13TeV-pythia8/RunIISummer20UL17NanoAODv9-106X_mc2017_realistic_v9-v2/NANOAODSIM,2.795e+06 +- 1.094e+04,2795000.0000,,,#DIV/0!,0.000,,,,,,,,
,QCDMu_20to30,/QCD_Pt-20To30_MuEnrichedPt5_TuneCP5_13TeV-pythia8/RunIISummer20UL17NanoAODv9-106X_mc2017_realistic_v9-v2/NANOAODSIM,2.527e+06 +- 1.053e+04,2527000.0000,64623134,,0.000,25.573,,,,,,,,
,QCDMu_30to50,/QCD_Pt-30To50_MuEnrichedPt5_TuneCP5_13TeV-pythia8/RunIISummer20UL17NanoAODv9-106X_mc2017_realistic_v9-v2/NANOAODSIM,1.367e+06 +- 5.810e+03,1267000.0000,58639613,,0.000,46.282,,,,,,,,
,QCDMu_50to80,/QCD_Pt-50To80_MuEnrichedPt5_TuneCP5_13TeV-pythia8/RunIISummer20UL17NanoAODv9-106X_mc2017_realistic_v9-v2/NANOAODSIM,3.776e+05 +- 1.424e+03,377600.0000,40322726,,0.000,106.787,,,,,,,,
,QCDMu_80to120,/QCD_Pt-80To120_MuEnrichedPt5_TuneCP5_13TeV-pythia8/RunIISummer20UL17NanoAODv9-106X_mc2017_realistic_v9-v2/NANOAODSIM,8.950e+04 +- 5.294e+02,89500.0000,45981017,,0.000,513.754,,,,,,,,
,QCDMu_120to170,/QCD_Pt-120To170_MuEnrichedPt5_TuneCP5_13TeV-pythia8/RunIISummer20UL17NanoAODv9-106X_mc2017_realistic_v9-v2/NANOAODSIM,2.121e+04 +- 7.274e+01,21210.0000,39394151,,0.000,1857.339,,,,,,,,
,QCDMu_170to300,/QCD_Pt-170To300_MuEnrichedPt5_TuneCP5_13TeV-pythia8/RunIISummer20UL17NanoAODv9-106X_mc2017_realistic_v9-v2/NANOAODSIM,7.003e+03 +- 2.896e+01,7003.0000,73071987,,0.000,10434.383,,,,,,,,
,QCDMu_300to470,/QCD_Pt-300To470_MuEnrichedPt5_TuneCP5_13TeV-pythia8/RunIISummer20UL17NanoAODv9-106X_mc2017_realistic_v9-v2/NANOAODSIM,6.219e+02 +- 2.545e+00,621.9000,58692910,,0.000,94376.765,,,,,,,,
,QCDMu_470to600,/QCD_Pt-470To600_MuEnrichedPt5_TuneCP5_13TeV-pythia8/RunIISummer20UL17NanoAODv9-106X_mc2017_realistic_v9-v2/NANOAODSIM,5.927e+01 +- 2.418e-01,59.2700,39491752,,0.000,666302.548,,,,,,,,
,QCDMu_600to800,/QCD_Pt-600To800_MuEnrichedPt5_TuneCP5_13TeV-pythia8/RunIISummer20UL17NanoAODv9-106X_mc2017_realistic_v9-v2/NANOAODSIM,1.822e+01 +- 7.375e-02,18.2200,39321940,,0.000,2158174.533,,,,,,,,
,QCDMu_800to1000,/QCD_Pt-800To1000_MuEnrichedPt5_TuneCP5_13TeV-pythia8/RunIISummer20UL17NanoAODv9-106X_mc2017_realistic_v9-v2/NANOAODSIM,3.295e+00 +- 1.326e-02,3.2950,78215559,,0.000,23737650.683,,,,,,,,
,QCDMu_1000,/QCD_Pt-1000_MuEnrichedPt5_TuneCP5_13TeV-pythia8/RunIISummer20UL17NanoAODv9-106X_mc2017_realistic_v9-v2/NANOAODSIM,1.078e+00 +- 4.340e-03,1.0780,27478273,,0.000,25490049.165,,,,,,,,
,,,,,,,,,,,,,,,,
,VLL Doublet,,,,,,,,,,badFilter,nCorrected,,,,
,VLLD-ele_100,/VLLD_ele_M100_TuneCP5_13TeV-madgraph-pythia8/RunIISummer20UL17NanoAODv9-106X_mc2017_realistic_v9-v1/NANOAODSIM,4.592e-04 +- 2.503e-07,1.69E+01,498000,,0.000,6641.964,,,0.7746,112249,,,,
,VLLD-ele_200,/VLLD_ele_M200_TuneCP5_13TeV-madgraph-pythia8/RunIISummer20UL17NanoAODv9-106X_mc2017_realistic_v9-v1/NANOAODSIM,4.930e-02 +- 6.116e-05,1.05E-01,300000,,0.000,712285.714,,,0.7507,74790,,,,
,VLLD-ele_300,/VLLD_ele_M300_TuneCP5_13TeV-madgraph-pythia8/RunIISummer20UL17NanoAODv9-106X_mc2017_realistic_v9-v1/NANOAODSIM,1.386e-01 +- 3.913e-04,2.29E-02,99000,,0.000,1085541.485,,,0.7489,24859,,,,
,VLLD-ele_400,/VLLD_ele_M400_TuneCP5_13TeV-madgraph-pythia8/RunIISummer20UL17NanoAODv9-106X_mc2017_realistic_v9-v1/NANOAODSIM,2.495e-01 +- 3.108e-04,7.20E-03,99000,,0.000,3440250.000,,,0.7498,24770,,,,
,VLLD-ele_600,/VLLD_ele_M600_TuneCP5_13TeV-madgraph-pythia8/RunIISummer20UL17NanoAODv9-106X_mc2017_realistic_v9-v1/NANOAODSIM,2.511e-01 +- 1.267e-04,1.19E-03,100000,,0.000,21134453.782,,,0.7485,25150,,,,
,VLLD-ele_800,/VLLD_ele_M800_TuneCP5_13TeV-madgraph-pythia8/RunIISummer20UL17NanoAODv9-106X_mc2017_realistic_v9-v1/NANOAODSIM,5.988e-01 +- 3.216e-04,2.77E-04,100000,,0.000,91552346.570,,,0.7464,25360,,,,
,VLLD-ele_1000,/VLLD_ele_M1000_TuneCP5_13TeV-madgraph-pythia8/RunIISummer20UL17NanoAODv9-106X_mc2017_realistic_v9-v1/NANOAODSIM,6.267e-01 +- 3.329e-04,7.80E-05,100000,,0.000,324871794.872,,,0.7466,25340,,,,
,VLLD-ele_1200,/VLLD_ele_M1200_TuneCP5_13TeV-madgraph-pythia8/RunIISummer20UL17NanoAODv9-106X_mc2017_realistic_v9-v1/NANOAODSIM,5.763e-01 +- 4.362e-04,,99000,,0.000,#DIV/0!,,,0.7500,24750,,,,
,VLLD-mu_100,/VLLD_mu_M100_TuneCP5_13TeV-madgraph-pythia8/RunIISummer20UL17NanoAODv9-106X_mc2017_realistic_v9-v1/NANOAODSIM,4.590e-04 +- 3.461e-07,1.69E+01,496000,,0.000,6583.006,,,0.7757,111253,,,,
,VLLD-mu_200,/VLLD_mu_M200_TuneCP5_13TeV-madgraph-pythia8/RunIISummer20UL17NanoAODv9-106X_mc2017_realistic_v9-v1/NANOAODSIM,4.931e-02 +- 6.844e-05,1.05E-01,292000,,0.000,691900.952,,,0.7512,72650,,,,
,VLLD-mu_300,/VLLD_mu_M300_TuneCP5_13TeV-madgraph-pythia8/RunIISummer20UL17NanoAODv9-106X_mc2017_realistic_v9-v1/NANOAODSIM,1.408e-01 +- 1.622e-04,2.29E-02,100000,,0.000,1097816.594,,,0.7486,25140,,,,
,VLLD-mu_400,/VLLD_mu_M400_TuneCP5_13TeV-madgraph-pythia8/RunIISummer20UL17NanoAODv9-106X_mc2017_realistic_v9-v1/NANOAODSIM,2.480e-01 +- 4.852e-04,7.20E-03,100000,,0.000,3431944.444,,,0.7529,24710,,,,
,VLLD-mu_600,/VLLD_mu_M600_TuneCP5_13TeV-madgraph-pythia8/RunIISummer20UL17NanoAODv9-106X_mc2017_realistic_v9-v1/NANOAODSIM,4.655e-01 +- 2.543e-04,1.19E-03,100000,,0.000,21126050.420,,,0.7486,25140,,,,
,VLLD-mu_800,/VLLD_mu_M800_TuneCP5_13TeV-madgraph-pythia8/RunIISummer20UL17NanoAODv9-106X_mc2017_realistic_v9-v1/NANOAODSIM,5.988e-01 +- 7.261e-04,2.77E-04,100000,,0.000,90794223.827,,,0.7485,25150,,,,
,VLLD-mu_1000,/VLLD_mu_M1000_TuneCP5_13TeV-madgraph-pythia8/RunIISummer20UL17NanoAODv9-106X_mc2017_realistic_v9-v1/NANOAODSIM,6.282e-01 +- 3.056e-04,7.80E-05,100000,,0.000,321794871.795,,,0.7490,25100,,,,
,VLLD-mu_1200,/VLLD_mu_M1200_TuneCP5_13TeV-madgraph-pythia8/RunIISummer20UL17NanoAODv9-106X_mc2017_realistic_v9-v1/NANOAODSIM,5.787e-01 +- 5.721e-04,,100000,,0.000,#DIV/0!,,,0.7500,25000,,,,