,,Run3Summer22EE,,,,,,,,,,,,,,
,"Samples are ordered by categories, then within each category, alphanumerically.",,,,,,,,,,,,,,,
,,,,,,,,,,,,,,,,
,,Data,,,,,,,,,,,,,,
,sample_subsample,Full DAS string,nEvtTotal,"Lumi (pb-1)
(Golden JSON)",,,,True value,,,,,,,,
,,,,,,,,,,,,,,,,
,Muon_E,/Muon/Run2022E-22Sep2023-v1/NANOAOD,141460608,,,,,141460608,,,,,,,,
,Muon_F,/Muon/Run2022F-22Sep2023-v2/NANOAOD,449887248,,,,,449887248,,,,,,,,
,Muon_G,/Muon/Run2022G-22Sep2023-v1/NANOAOD,76689396,,,,,76689396,,,,,,,,
,,,,,,,,,,,,,,,,
,EGamma_E,/EGamma/Run2022E-22Sep2023-v1/NANOAOD,148654795,,,,,148654795,,,,,,,,
,EGamma_F,/EGamma/Run2022F-22Sep2023-v1/NANOAOD,464373259,,,,,464373259,,,,,,,,
,EGamma_G,/EGamma/Run2022G-22Sep2023-v2/NANOAOD,76807350,,,,,76807350,,,,,,,,
,,,Total,26671.7000,,,,,,,,,,,,
,,Golden JSON = Cert_Collisions2022_355100_362760_Golden.json,,,,,,,,,,,,,,
,,,,,,,,,,,,,,,,
,,,,,,,,,,,,,,,,
,,,,,,,,,,,,,,,,
,,,,,,,,,,,,,,,,
,,,,,,,,,,,,,,,,
,,,,,,,,,,,,,,,,
,,,,,,,,,,,,,,,,
,,,,,,,,,,,,,,,,
,,,,,,,,,,,,,,,,
,,,,,,,,,,,,,,,,
,,,,,,,,,,,,,,,,
,,,,,,,,,,,,,,,,
,,MC (SM backgrounds),,,,,,,,,,,,,,
,sample_subsample,Full DAS string,xSec (pb),xSec (pb) (used),nEvtGen,nEvtPass,Accp (%),Lumi (pb-1),Comments/Source,,,,,,,
,,,,,,,,,,,,,,,,
,Single W production,,,,,,,,,,,,,,,
,WtoLNu_Inclusive,/WtoLNu-2Jets_TuneCP5_13p6TeV_amcatnloFXFX-pythia8/Run3Summer22EENanoAODv12-130X_mcRun3_2022_realistic_postEE_v6-v2/NANOAODSIM,6.812e+04 +- 4.137e+02,64481.5800,278618541,,0.000,4320.901,arXiv:2406.05101 ,,,,,,,
,WGtoLNuG_10to100,/WGtoLNuG-1Jets_PTG-10to100_TuneCP5_13p6TeV_amcatnloFXFX-pythia8/Run3Summer22EENanoAODv12-130X_mcRun3_2022_realistic_postEE_v6-v2/NANOAODSIM,6.692e+02 +- 3.759e+00,669.2000,174298944,,0.000,260458.673,,,,,,,,
,WGtoLNuG_100to200,/WGtoLNuG-1Jets_PTG-100to200_TuneCP5_13p6TeV_amcatnloFXFX-pythia8/Run3Summer22EENanoAODv12-130X_mcRun3_2022_realistic_postEE_v6-v2/NANOAODSIM,2.235e+00 +- 2.222e-02,2.2350,3517478,,0.000,1573815.660,,,,,,,,
,WGtoLNuG_200to400,/WGtoLNuG-1Jets_PTG-200to400_TuneCP5_13p6TeV_amcatnloFXFX-pythia8/Run3Summer22EENanoAODv12-130X_mcRun3_2022_realistic_postEE_v6-v3/NANOAODSIM,2.948e-01 +- 2.878e-03,0.2948,1657844,,0.000,5623622.795,,,,,,,,
,WGtoLNuG_400to600,/WGtoLNuG-1Jets_PTG-400to600_TuneCP5_13p6TeV_amcatnloFXFX-pythia8/Run3Summer22EENanoAODv12-130X_mcRun3_2022_realistic_postEE_v6-v3/NANOAODSIM,2.220e-02 +- 1.509e-04,0.0222,1604621,,0.000,72280225.225,,,,,,,,
,WGtoLNuG_600toInf,/WGtoLNuG-1Jets_PTG-600_TuneCP5_13p6TeV_amcatnloFXFX-pythia8/Run3Summer22EENanoAODv12-130X_mcRun3_2022_realistic_postEE_v6-v3/NANOAODSIM,4.870e-03 +- 4.289e-05,0.0049,1794885,,0.000,368559548.255,,,,,,,,
,,,,,,,,,,,,,,,,
,Single Z production,,,,,,,,,,,,,,,
,DYto2L_10to50,/DYto2L-2Jets_MLL-10to50_TuneCP5_13p6TeV_amcatnloFXFX-pythia8/Run3Summer22EENanoAODv12-130X_mcRun3_2022_realistic_postEE_v6_ext1-v3/NANOAODSIM,2.105e+04 +- 8.806e+01,19982.5000,171220296,,0.000,8568.512,arXiv:2412.02477,,,,,,,
,DYto2L_50toInf,/DYto2L-2Jets_MLL-50_TuneCP5_13p6TeV_amcatnloFXFX-pythia8/Run3Summer22EENanoAODv12-130X_mcRun3_2022_realistic_postEE_v6_ext1-v1/NANOAODSIM,6.735e+03 +- 4.445e+01,6345.9900,319825084,,0.000,50397.981,arXiv:2412.02477,,,,,,,
,DYGToLLG_M4to50-PT10to100,/DYGto2LG-1Jets_MLL-4to50_PTG-10to100_TuneCP5_13p6TeV_amcatnloFXFX-pythia8/Run3Summer22EENanoAODv12-130X_mcRun3_2022_realistic_postEE_v6_ext1-v2/NANOAODSIM,8.842e+01 +- 3.663e-01,88.4200,164056591,,0.000,1855424.010,,,,,,,,
,DYGToLLG_M4to50-PT100to200,/DYGto2LG-1Jets_MLL-4to50_PTG-100to200_TuneCP5_13p6TeV_amcatnloFXFX-pythia8/Run3Summer22EENanoAODv12-130X_mcRun3_2022_realistic_postEE_v6_ext1-v2/NANOAODSIM,8.549e-01 +- 1.774e-02,0.8549,22340451,,0.000,26132238.858,,,,,,,,
,DYGToLLG_M4to50-PT200toInf,/DYGto2LG-1Jets_MLL-4to50_PTG-200_TuneCP5_13p6TeV_amcatnloFXFX-pythia8/Run3Summer22EENanoAODv12-130X_mcRun3_2022_realistic_postEE_v6_ext1-v2/NANOAODSIM,3.885e-02 +- 4.037e-04,0.0389,7279841,,0.000,187383294.723,,,,,,,,
,DYGToLLG_M50-PT10to50,/DYGto2LG-1Jets_MLL-50_PTG-10to50_TuneCP5_13p6TeV_amcatnloFXFX-pythia8/Run3Summer22EENanoAODv12-130X_mcRun3_2022_realistic_postEE_v6-v2/NANOAODSIM,1.260e+02 +- 7.943e-01,126.0000,104473209,,0.000,829152.452,,,,,,,,
,DYGToLLG_M50-PT50to100,/DYGto2LG-1Jets_MLL-50_PTG-50to100_TuneCP5_13p6TeV_amcatnloFXFX-pythia8/Run3Summer22EENanoAODv12-130X_mcRun3_2022_realistic_postEE_v6-v1/NANOAODSIM,3.889e+01 +- 5.822e-02,38.8900,48791625,,,1254605.940,,,,,,,,
,DYGToLLG_M50-PT100to200,/DYGto2LG-1Jets_MLL-50_PTG-100to200_TuneCP5_13p6TeV_amcatnloFXFX-pythia8/Run3Summer22EENanoAODv12-130X_mcRun3_2022_realistic_postEE_v6_ext1-v2/NANOAODSIM,1.006e+00 +- 7.839e-03,1.0060,3393769,,0.000,3373527.833,,,,,,,,
,DYGToLLG_M50-PT200to400,/DYGto2LG-1Jets_MLL-50_PTG-200to400_TuneCP5_13p6TeV_amcatnloFXFX-pythia8/Run3Summer22EENanoAODv12-130X_mcRun3_2022_realistic_postEE_v6-v2/NANOAODSIM,7.666e-02 +- 3.607e-04,0.0767,1785572,,0.000,23292094.965,,,,,,,,
,DYGToLLG_M50-PT400to600,/DYGto2LG-1Jets_MLL-50_PTG-400to600_TuneCP5_13p6TeV_amcatnloFXFX-pythia8/Run3Summer22EENanoAODv12-130X_mcRun3_2022_realistic_postEE_v6-v2/NANOAODSIM,4.563e-03 +- 2.856e-05,0.0046,1776157,,0.000,389252027.175,,,,,,,,
,DYGToLLG_M50-PT600toInf,/DYGto2LG-1Jets_MLL-50_PTG-600_TuneCP5_13p6TeV_amcatnloFXFX-pythia8/Run3Summer22EENanoAODv12-130X_mcRun3_2022_realistic_postEE_v6-v2/NANOAODSIM,8.074e-04 +- 6.894e-06,0.0008,1797374,,0.000,2226125836.017,,,,,,,,
,,,,,,,,,,,,,,,,
,TTBar production,,,,,,,,,,Production,decay of dau1,decay of dau2,permutation,Final xsec,https://twiki.cern.ch/twiki/bin/view/LHCPhysics/TtbarNNLO
,TT_TTto2L2Nu,/TTto2L2Nu_TuneCP5_13p6TeV_powheg-pythia8/Run3Summer22EENanoAODv12-130X_mcRun3_2022_realistic_postEE_v6_ext1-v2/NANOAODSIM,7.621e+02 +- 1.345e-01,97.5400,84365323,,0.000,864930.521,arXiv:2412.02477,,923.6,0.3258,0.3258,1,98.036113 ,
,TT_TTtoLNu2Q,/TTtoLNu2Q_TuneCP5_13p6TeV_powheg-pythia8/Run3Summer22EENanoAODv12-130X_mcRun3_2022_realistic_postEE_v6_ext1-v2/NANOAODSIM,7.621e+02 +- 1.345e-01,403.2500,275009299,,0.000,681982.143,arXiv:2412.02477,,923.6,0.3258,0.6741,2,405.685352 ,
,,,,,,,,,,,,,,,,
,Single top production,,,,,,,,,,Production,decay of dau1,decay of dau2,permutation,Final xsec,https://twiki.cern.ch/twiki/bin/view/LHCPhysics/SingleTopNNLORef
,ST_TBbarQ,/TBbarQ_t-channel_4FS_TuneCP5_13p6TeV_powheg-madspin-pythia8/Run3Summer22EENanoAODv12-130X_mcRun3_2022_realistic_postEE_v6-v2/NANOAODSIM,1.238e+02 +- 3.709e-01,145.0000,10153433,,0.000,70023.676,arXiv:2303.1068,,,,,,0.000000 ,
,ST_TBbartoLplusNuBbar,/TBbartoLplusNuBbar-s-channel-4FS_TuneCP5_13p6TeV_amcatnlo-pythia8/Run3Summer22EENanoAODv12-130X_mcRun3_2022_realistic_postEE_v6-v2/NANOAODSIM,2.278e+00 +- 4.011e-04,2.3600,4363850,,0.000,1849088.983,,,7.244,0.3258,1.0000,1,2.360095 ,W to Lnu
,ST_TbarBQ,/TbarBQ_t-channel_4FS_TuneCP5_13p6TeV_powheg-madspin-pythia8/Run3Summer22EENanoAODv12-130X_mcRun3_2022_realistic_postEE_v6-v2/NANOAODSIM,7.547e+01 +- 2.361e-01,87.2000,5206568,,0.000,59708.349,arXiv:2303.1068,,,,,,0.000000 ,
,ST_TbarBtoLminusNuB,/TbarBtoLminusNuB-s-channel-4FS_TuneCP5_13p6TeV_amcatnlo-pythia8/Run3Summer22EENanoAODv12-130X_mcRun3_2022_realistic_postEE_v6-v2/NANOAODSIM,1.430e+00 +- 4.371e-04,1.4700,2762668,,0.000,1879365.986,,,4.534,0.3258,1.0000,1,1.477177 ,W to Lnu
,,,,,,,,,,,,,,,,
,TW,,,,,,,,,,Production,decay of Ws,permutation,Final xsec,https://twiki.cern.ch/twiki/bin/view/LHCPhysics/SingleTopNNLORef,
,TW_TWminusto2L2Nu,/TWminusto2L2Nu_TuneCP5_13p6TeV_powheg-pythia8/Run3Summer22EENanoAODv12-130X_mcRun3_2022_realistic_postEE_v6-v2/NANOAODSIM,3.599e+01 +- 1.292e-02,4.6651,8129084,,0.000,1742531.236,,,43.95,0.10614564,1,4.665101 ,Both W to lnu,
,TW_TWminustoLNu2Q,/TWminustoLNu2Q_TuneCP5_13p6TeV_powheg-pythia8/Run3Summer22EENanoAODv12-130X_mcRun3_2022_realistic_postEE_v6-v2/NANOAODSIM,3.599e+01 +- 1.292e-02,19.3048,16666206,,0.000,863321.315,,,43.95,0.21962178,2,19.304754 ,"One W to qq, other lnu",
,TW_TbarWplusto2L2Nu,/TbarWplusto2L2Nu_TuneCP5_13p6TeV_powheg-pythia8/Run3Summer22EENanoAODv12-130X_mcRun3_2022_realistic_postEE_v6-v2/NANOAODSIM,3.605e+01 +- 1.296e-02,4.6651,8037666,,0.000,1722935.090,,,43.95,0.10614564,1,4.665101 ,Both W to lnu,
,TW_TbarWplustoLNu2Q,/TbarWplustoLNu2Q_TuneCP5_13p6TeV_powheg-pythia8/Run3Summer22EENanoAODv12-130X_mcRun3_2022_realistic_postEE_v6-v2/NANOAODSIM,3.605e+01 +- 1.296e-02,19.3048,16485994,,0.000,853986.205,,,43.95,0.21962178,2,19.304754 ,"One W to qq, other to lnu",
,,,,,,,,,,,,,,,,
,TT + V,,,,,,,,,,,,,,,
,TTV_TTWtoLNu,/TTLNu-1Jets_TuneCP5_13p6TeV_amcatnloFXFX-pythia8/Run3Summer22EENanoAODv12-130X_mcRun3_2022_realistic_postEE_v6-v4/NANOAODSIM,2.508e-01 +- 2.058e-03,0.2508,335985,,0.000,1339653.110,,,,,,,,
,TTV_TTZtoLL4to50,/TTLL_MLL-4to50_TuneCP5_13p6TeV_amcatnlo-pythia8/Run3Summer22EENanoAODv12-130X_mcRun3_2022_realistic_postEE_v6-v2/NANOAODSIM,3.949e-02 +- 2.728e-05,0.0395,1049999,,0.000,26588984.553,,,,,,,,
,TTV_TTZtoLL50toInf,/TTLL_MLL-50_TuneCP5_13p6TeV_amcatnlo-pythia8/Run3Summer22EENanoAODv12-130X_mcRun3_2022_realistic_postEE_v6-v2/NANOAODSIM,8.646e-02 +- 5.520e-05,0.0865,1343867,,0.000,15543222.299,,,,,,,,
,,,,,,,,,,,,,,,,
,RareTop,,,,,,,,,,,,,,,
,RareTop_THQ,/THQ_ctcvcp_HIncl_M-125_4FS_TuneCP5_13p6TeV_madgraph-pythia8/Run3Summer22EENanoAODv12-130X_mcRun3_2022_realistic_postEE_v6-v2/NANOAODSIM,7.419e-01 +- 5.018e-04,0.7419,13813845,,0.000,18619551.152,,,https://twiki.cern.ch/twiki/bin/view/LHCPhysics/LHCHWG136TeVxsec_extrap,,,,,
,RareTop_THW,/THW_ctcvcp_HIncl_M-125_5FS_TuneCP5_13p6TeV_madgraph-pythia8/Run3Summer22EENanoAODv12-130X_mcRun3_2022_realistic_postEE_v6-v2/NANOAODSIM,1.332e-01 +- 8.549e-05,0.1332,6936630,,0.000,52076801.802,,,Production,decay of dau1,decay of dau2,permutation,Final xsec,
,RareTop_TTTT,/TTTT_TuneCP5_13p6TeV_amcatnlo-pythia8/Run3Summer22EENanoAODv12-130X_mcRun3_2022_realistic_postEE_v6-v1/NANOAODSIM,9.652e-03 +- 9.447e-06,0.0096,8571152,,0.000,890509298.701,,,,,,,,
,RareTop_TTWH,/TTWH_TuneCP5_13p6TeV_madgraph-pythia8/Run3Summer22EENanoAODv12-130X_mcRun3_2022_realistic_postEE_v6-v2/NANOAODSIM,1.253e-03 +- 1.129e-06,0.0013,2800000,,0.000,2234636871.508,,,,,,,,
,RareTop_TTWW,/TTWW_TuneCP5_13p6TeV_madgraph-madspin-pythia8/Run3Summer22EENanoAODv12-130X_mcRun3_2022_realistic_postEE_v6-v2/NANOAODSIM,8.160e-03 +- 8.047e-06,0.0082,1536000,,0.000,188235294.118,,,,,,,,
,RareTop_TTWZ,/TTWZ_TuneCP5_13p6TeV_madgraph-pythia8/Run3Summer22EENanoAODv12-130X_mcRun3_2022_realistic_postEE_v6-v2/NANOAODSIM,2.712e-03 +- 1.523e-06,0.0027,1132932,,0.000,417747787.611,,,,,,,,
,RareTop_TTZH,/TTZH_TuneCP5_13p6TeV_madgraph-pythia8/Run3Summer22EENanoAODv12-130X_mcRun3_2022_realistic_postEE_v6-v3/NANOAODSIM,1.283e-03 +- 8.982e-07,0.0013,2785771,,0.000,2171294621.980,,,,,,,,
,RareTop_TTZZ,/TTZZ_TuneCP5_13p6TeV_madgraph-madspin-pythia8/Run3Summer22EENanoAODv12-130X_mcRun3_2022_realistic_postEE_v6-v3/NANOAODSIM,1.558e-03 +- 1.628e-06,0.0016,1054000,,0.000,676508344.031,,,,,,,,
,RareTop_TZQB,/TZQB-Zto2L-4FS_MLL-30_TuneCP5_13p6TeV_amcatnlo-pythia8/Run3Summer22EENanoAODv12-130X_mcRun3_2022_realistic_postEE_v6-v2/NANOAODSIM,7.968e-02 +- 7.800e-05,0.0797,3047512,,0.000,38246887.550,,,,,,,,
,,,,,,,,,,,,,,,,
,VV,,,,,,,,,,,,,,,
,VVSS_WmWm,/WmWmJJ-EWK_TuneCP5_13p6TeV-powheg-pythia8/Run3Summer22EENanoAODv12-130X_mcRun3_2022_realistic_postEE_v6-v2/NANOAODSIM,1.220e-04 +- 2.832e-05,0.0001,499279,,0.000,4092450819.672,,,,,,,,
,VVSS_WpWp,/WpWpJJ_EWK-QCD_TuneCP5_13p6TeV_madgraph-pythia8/Run3Summer22EENanoAODv12-130X_mcRun3_2022_realistic_postEE_v6-v2/NANOAODSIM,5.859e-02 +- 9.252e-05,0.0586,499311,,0.000,8522119.816,,,,,,,,
,VV_WWto2L2Nu,/WWto2L2Nu_TuneCP5_13p6TeV_powheg-pythia8/Run3Summer22EENanoAODv12-130X_mcRun3_2022_realistic_postEE_v6-v2/NANOAODSIM,1.179e+01 +- 4.216e-03,12.9800,22428584,,,1727934.052,arXiv:2412.02477,,,,,,,
,VV_WWto4Q,/WWto4Q_TuneCP5_13p6TeV_powheg-pythia8/Run3Summer22EENanoAODv12-130X_mcRun3_2022_realistic_postEE_v6-v2/NANOAODSIM,5.079e+01 +- 1.816e-02,50.7900,100621352,,0.000,1981125.261,,,,,,,,
,VV_WWtoLNu2Q,/WWtoLNu2Q_TuneCP5_13p6TeV_powheg-pythia8/Run3Summer22EENanoAODv12-130X_mcRun3_2022_realistic_postEE_v6-v2/NANOAODSIM,4.894e+01 +- 1.750e-02,48.9400,93684992,,0.000,1914282.632,,,,,,,,
,VV_WZto2L2Q,/WZto2L2Q_TuneCP5_13p6TeV_powheg-pythia8/Run3Summer22EENanoAODv12-130X_mcRun3_2022_realistic_postEE_v6-v2/NANOAODSIM,7.568e+00 +- 3.908e-03,3.7000,14935574,,0.000,4036641.622,arXiv:2503.09742 ,,,,,,,
,VV_WZto3LNu,/WZto3LNu_TuneCP5_13p6TeV_powheg-pythia8/Run3Summer22EENanoAODv12-130X_mcRun3_2022_realistic_postEE_v6-v2/NANOAODSIM,4.924e+00 +- 2.370e-03,1.8000,9779090,,0.000,5432827.778,arXiv:2503.09742 ,,,,,,,
,VV_WZtoLNu2Q,/WZtoLNu2Q_TuneCP5_13p6TeV_powheg-pythia8/Run3Summer22EENanoAODv12-130X_mcRun3_2022_realistic_postEE_v6-v2/NANOAODSIM,1.587e+01 +- 7.874e-03,12.4000,30143700,,0.000,2430943.548,arXiv:2503.09742 ,,,,,,,
,VV_ZZto2L2Nu,/ZZto2L2Nu_TuneCP5_13p6TeV_powheg-pythia8/Run3Summer22EENanoAODv12-130X_mcRun3_2022_realistic_postEE_v6-v2/NANOAODSIM,1.031e+00 +- 5.268e-04,0.7000,50736009,,0.000,72480012.857,arXiv:2503.09742 ,,,,,,,
,VV_ZZto2L2Q,/ZZto2L2Q_TuneCP5_13p6TeV_powheg-pythia8/Run3Summer22EENanoAODv12-130X_mcRun3_2022_realistic_postEE_v6-v2/NANOAODSIM,6.788e+00 +- 3.501e-03,2.4000,49486766,,0.000,20619485.833,arXiv:2503.09742 ,,,,,,,
,VV_ZZto2Nu2Q,/ZZto2Nu2Q_TuneCP5_13p6TeV_powheg-pythia8/Run3Summer22EENanoAODv12-130X_mcRun3_2022_realistic_postEE_v6-v2/NANOAODSIM,4.826e+00 +- 1.296e-03,4.7000,10400736,,0.000,2212922.553,arXiv:2503.09742 ,,,,,,,
,VV_ZZto4L,/ZZto4L_TuneCP5_13p6TeV_powheg-pythia8/Run3Summer22EENanoAODv12-130X_mcRun3_2022_realistic_postEE_v6-v2/NANOAODSIM,1.390e+00 +- 7.001e-04,0.2000,61372656,,0.000,306863280.000,arXiv:2503.09742 ,,,,,,,
,,,,,,,,,,,,,,,,
,VVV,,,,,,,,,,,,,,,
,VVV_WWW,/WWW_4F_TuneCP5_13p6TeV_amcatnlo-madspin-pythia8/Run3Summer22EENanoAODv12-130X_mcRun3_2022_realistic_postEE_v6-v2/NANOAODSIM,2.328e-01 +- 1.247e-04,0.2338,1482480,,0.000,6340804.106,,,,,,,,
,VVV_WWZ,/WWZ_4F_TuneCP5_13p6TeV_amcatnlo-pythia8/Run3Summer22EENanoAODv12-130X_mcRun3_2022_realistic_postEE_v6-v2/NANOAODSIM,1.851e-01 +- 9.482e-05,0.1851,5601076,,0.000,30259729.876,,,,,,,,
,VVV_WZZ,/WZZ_TuneCP5_13p6TeV_amcatnlo-pythia8/Run3Summer22EENanoAODv12-130X_mcRun3_2022_realistic_postEE_v6-v2/NANOAODSIM,6.206e-02 +- 3.689e-05,0.0621,5290014,,0.000,85240315.823,,,,,,,,
,VVV_ZZZ,/ZZZ_TuneCP5_13p6TeV_amcatnlo-pythia8/Run3Summer22EENanoAODv12-130X_mcRun3_2022_realistic_postEE_v6-v2/NANOAODSIM,1.591e-02 +- 7.828e-06,0.0159,5803440,,0.000,364766813.325,,,https://twiki.cern.ch/twiki/bin/view/LHCPhysics/CERNYellowReportPageBR,,,,,
,,,,,,,,,,,https://arxiv.org/html/2402.09955v1,,,,,
,Higgs,,,,,,,,,,Production,decay of H,decay of dau,permutation,Final xsec,
,Higgs_GGHHto2B,/GluGluHto2B_M-125_TuneCP5_13p6TeV_powheg-minlo-pythia8/Run3Summer22EENanoAODv12-130X_mcRun3_2022_realistic_postEE_v6-v2/NANOAODSIM,3.020e+01 +- 6.029e-03,30.4188,15489920,,0.000,509222.732,,,5.22E+01,0.5824,1.0000,1,30.418752 ,
,Higgs_GGHHto2W,/GluGluHto2Wto2L2Nu_M-125_TuneCP5_13p6TeV_powheg-jhugen752-pythia8/Run3Summer22EENanoAODv12-130X_mcRun3_2022_realistic_postEE_v6-v2/NANOAODSIM,2.312e+01 +- 3.963e-03,1.1847,4980263,,0.000,4203640.522,,,5.22E+01,0.2137,0.1061,1,1.184750 ,
,Higgs_GGHHtoZZ,/GluGluHtoZZto4L_M-125_TuneCP5_13p6TeV_powheg2-JHUGenV752-pythia8/Run3Summer22EENanoAODv12-130X_mcRun3_2022_realistic_postEE_v6-v2/NANOAODSIM,2.316e+01 +- 5.606e-03,0.0140,1666666,,0.000,119416492.082,,,5.22E+01,0.0262,0.0102,1,0.013957 ,
,Higgs_TTHto2B,/TTH_Hto2B_M-125_TuneCP5_13p6TeV_powheg-pythia8/Run3Summer22EENanoAODv12-130X_mcRun3_2022_realistic_postEE_v6-v3/NANOAODSIM,5.742e-01 +- 6.401e-03,0.3320,10478951,,0.000,31566147.942,,,0.57,0.5824,1.0000,1,0.331968 ,
,Higgs_TTHto2Z,/TTH_Hto2Z_4LFilter_M-125_TuneCP5_13p6TeV_powheg-jhugenv752-pythia8/Run3Summer22EENanoAODv12-130X_mcRun3_2022_realistic_postEE_v6-v2/NANOAODSIM,5.607e-01 +- 1.793e-03,0.0002,298293,,0.000,1958411567.391,,,0.57,0.0262,0.0102,1,0.000152 ,
,Higgs_VBFHto2B,/VBFHto2B_M-125_TuneCP5_13p6TeV_powheg-pythia8/Run3Summer22EENanoAODv12-130X_mcRun3_2022_realistic_postEE_v6-v3/NANOAODSIM,4.180e+00 +- 6.886e-03,2.3750,12246336,,0.000,5156292.947,,,4.078,0.5824,1.0000,1,2.375027 ,
,Higgs_VBFHto2W,/VBFHto2Wto2L2Nu_M-125_TuneCP5_13p6TeV_powheg-jhugen752-pythia8/Run3Summer22EENanoAODv12-130X_mcRun3_2022_realistic_postEE_v6-v2/NANOAODSIM,4.201e+00 +- 6.109e-03,0.0925,4987403,,0.000,53916359.279,,,4.078,0.2137,0.1061,1,0.092503 ,
,Higgs_VBFHto2Z,/VBFHto2Zto4LNoTau_M-125_TuneCP5_13p6TeV_madgraph-pythia8/Run3Summer22EENanoAODv12-130X_mcRun3_2022_realistic_postEE_v6-v2/NANOAODSIM,4.224e+00 +- 2.865e-03,0.0011,3343352,,0.000,3068107985.209,,,4.078,0.0262,0.0102,1,0.001090 ,
,Higgs_WminusHHto2B,/WminusH_Hto2B_WtoLNu_M-125_TuneCP5_13p6TeV_powheg-pythia8/Run3Summer22EENanoAODv12-130X_mcRun3_2022_realistic_postEE_v6-v2/NANOAODSIM,1.888e-01 +- 1.121e-05,0.1382,2027956,,0.000,14670892.188,,,0.7285,0.5824,0.3258,1,0.138230 ,
,Higgs_WminusHHto2Z,/WminusH_Hto2Zto4L_M-125_TuneCP5_13p6TeV_powheg2-minlo-HWJ-JHUGenV752-pythia8/Run3Summer22EENanoAODv12-130X_mcRun3_2022_realistic_postEE_v6-v2/NANOAODSIM,5.803e-01 +- 6.114e-04,0.0002,,,#DIV/0!,0.000,,,0.7285,0.0262,0.0102,1,0.000195 ,
,Higgs_WplusHHto2B,/WplusH_Hto2B_WtoLNu_M-125_TuneCP5_13p6TeV_powheg-pythia8/Run3Summer22EENanoAODv12-130X_mcRun3_2022_realistic_postEE_v6-v2/NANOAODSIM,2.999e-01 +- 2.086e-05,0.1382,2120400,,0.000,15339662.101,,,0.7285,0.5824,0.3258,1,0.138230 ,
,Higgs_WplusHHto2Z,/WplusH_Hto2Zto4L_M-125_TuneCP5_13p6TeV_powheg2-minlo-HWJ-JHUGenV752-pythia8/Run3Summer22EENanoAODv12-130X_mcRun3_2022_realistic_postEE_v6-v2/NANOAODSIM,9.218e-01 +- 1.085e-03,0.0002,,,#DIV/0!,0.000,,,0.7285,0.0262,0.0102,1,0.000195 ,
,Higgs_ZHHto2B,/ZH_Hto2B_Zto2L_M-125_TuneCP5_13p6TeV_powheg-pythia8/Run3Summer22EENanoAODv12-130X_mcRun3_2022_realistic_postEE_v6-v2/NANOAODSIM,8.545e-02 +- 3.030e-04,0.0555,2062940,,0.000,37151373.406,,,9.44E-01,0.5824,0.1010,1,0.055528 ,
,Higgs_bbHto2Z,/bbH_Hto2Zto4L_M-125_TuneCP5_13p6TeV_JHUGenV752-pythia8/Run3Summer22EENanoAODv12-130X_mcRun3_2022_realistic_postEE_v6-v1/NANOAODSIM,,0.0001,,,,0.000,,,0.5269,0.0262,0.0102,1,0.000141 ,
,,,,,,,,,,,,,,,,
,QCD,,,,,,,,,,,,,,,
,QCDEM_10to30,/QCD_PT-10to30_EMEnriched_TuneCP5_13p6TeV_pythia8/Run3Summer22EENanoAODv12-130X_mcRun3_2022_realistic_postEE_v6-v2/NANOAODSIM,6.917e+06 +- 3.263e+04,6917000.0000,3535208,,0.000,0.511,,,,,,,,
,QCDEM_30to50,/QCD_PT-30to50_EMEnriched_TuneCP5_13p6TeV_pythia8/Run3Summer22EENanoAODv12-130X_mcRun3_2022_realistic_postEE_v6-v2/NANOAODSIM,6.701e+06 +- 3.056e+04,6701000.0000,3271724,,0.000,0.488,,,,,,,,
,QCDEM_50to80,/QCD_PT-50to80_EMEnriched_TuneCP5_13p6TeV_pythia8/Run3Summer22EENanoAODv12-130X_mcRun3_2022_realistic_postEE_v6-v2/NANOAODSIM,2.107e+06 +- 8.518e+03,2107000.0000,3535752,,0.000,1.678,,,,,,,,
,QCDEM_80to120,/QCD_PT-80to120_EMEnriched_TuneCP5_13p6TeV_pythia8/Run3Summer22EENanoAODv12-130X_mcRun3_2022_realistic_postEE_v6-v2/NANOAODSIM,3.898e+05 +- 1.674e+03,389800.0000,3396424,,0.000,8.713,,,,,,,,
,QCDEM_120to170,/QCD_PT-120to170_EMEnriched_TuneCP5_13p6TeV_pythia8/Run3Summer22EENanoAODv12-130X_mcRun3_2022_realistic_postEE_v6-v2/NANOAODSIM,7.163e+04 +- 3.250e+02,71630.0000,3218461,,0.000,44.932,,,,,,,,
,QCDEM_170to300,/QCD_PT-170to300_EMEnriched_TuneCP5_13p6TeV_pythia8/Run3Summer22EENanoAODv12-130X_mcRun3_2022_realistic_postEE_v6-v2/NANOAODSIM,1.786e+04 +- 9.045e+01,17860.0000,3542697,,0.000,198.359,,,,,,,,
,QCDEM_300toInf,/QCD_PT-300_EMEnriched_TuneCP5_13p6TeV_pythia8/Run3Summer22EENanoAODv12-130X_mcRun3_2022_realistic_postEE_v6-v2/NANOAODSIM,1.221e+03 +- 6.352e+00,1221.0000,3254133,,0.000,2665.138,,,,,,,,
,QCDMu_15to20,/QCD_PT-15to20_MuEnrichedPt5_TuneCP5_13p6TeV_pythia8/Run3Summer22EENanoAODv12-130X_mcRun3_2022_realistic_postEE_v6-v2/NANOAODSIM,2.958e+06 +- 1.441e+04,2958000.0000,16022411,,0.000,5.417,,,,,,,,
,QCDMu_20to30,/QCD_PT-20to30_MuEnrichedPt5_TuneCP5_13p6TeV_pythia8/Run3Summer22EENanoAODv12-130X_mcRun3_2022_realistic_postEE_v6-v2/NANOAODSIM,2.678e+06 +- 1.146e+04,2678000.0000,111483708,,0.000,41.629,,,,,,,,
,QCDMu_30to50,/QCD_PT-30to50_MuEnrichedPt5_TuneCP5_13p6TeV_pythia8/Run3Summer22EENanoAODv12-130X_mcRun3_2022_realistic_postEE_v6-v2/NANOAODSIM,1.453e+06 +- 5.792e+03,1453000.0000,102351102,,0.000,70.441,,,,,,,,
,QCDMu_50to80,/QCD_PT-50to80_MuEnrichedPt5_TuneCP5_13p6TeV_pythia8/Run3Summer22EENanoAODv12-130X_mcRun3_2022_realistic_postEE_v6-v2/NANOAODSIM,4.054e+05 +- 1.937e+03,405400.0000,39665709,,0.000,97.843,,,,,,,,
,QCDMu_80to120,/QCD_PT-80to120_MuEnrichedPt5_TuneCP5_13p6TeV_pythia8/Run3Summer22EENanoAODv12-130X_mcRun3_2022_realistic_postEE_v6-v2/NANOAODSIM,9.625e+04 +- 4.586e+02,96250.0000,98693572,,0.000,1025.388,,,,,,,,
,QCDMu_120to170,/QCD_PT-120to170_MuEnrichedPt5_TuneCP5_13p6TeV_pythia8/Run3Summer22EENanoAODv12-130X_mcRun3_2022_realistic_postEE_v6-v2/NANOAODSIM,2.325e+04 +- 1.057e+02,23250.0000,71463810,,0.000,3073.712,,,,,,,,
,QCDMu_170to300,/QCD_PT-170to300_MuEnrichedPt5_TuneCP5_13p6TeV_pythia8/Run3Summer22EENanoAODv12-130X_mcRun3_2022_realistic_postEE_v6-v2/NANOAODSIM,7.737e+03 +- 3.687e+01,7737.0000,109991815,,0.000,14216.339,,,,,,,,
,QCDMu_300to470,/QCD_PT-300to470_MuEnrichedPt5_TuneCP5_13p6TeV_pythia8/Run3Summer22EENanoAODv12-130X_mcRun3_2022_realistic_postEE_v6-v2/NANOAODSIM,6.988e+02 +- 3.293e+00,698.8000,104186366,,0.000,149093.254,,,,,,,,
,QCDMu_470to600,/QCD_PT-470to600_MuEnrichedPt5_TuneCP5_13p6TeV_pythia8/Run3Summer22EENanoAODv12-130X_mcRun3_2022_realistic_postEE_v6-v2/NANOAODSIM,6.772e+01 +- 4.444e-01,67.7200,71895522,,0.000,1061658.624,,,,,,,,
,QCDMu_600to800,/QCD_PT-600to800_MuEnrichedPt5_TuneCP5_13p6TeV_pythia8/Run3Summer22EENanoAODv12-130X_mcRun3_2022_realistic_postEE_v6-v2/NANOAODSIM,2.114e+01 +- 9.705e-02,21.1400,72668622,,0.000,3437493.945,,,,,,,,
,QCDMu_800to1000,/QCD_PT-800to1000_MuEnrichedPt5_TuneCP5_13p6TeV_pythia8/Run3Summer22EENanoAODv12-130X_mcRun3_2022_realistic_postEE_v6-v2/NANOAODSIM,3.900e+00 +- 1.802e-02,3.9000,132056316,,0.000,33860593.846,,,,,,,,
,QCDMu_1000,/QCD_PT-1000_MuEnrichedPt5_TuneCP5_13p6TeV_pythia8/Run3Summer22EENanoAODv12-130X_mcRun3_2022_realistic_postEE_v6-v2/NANOAODSIM,1.322e+00 +- 6.098e-03,1.3220,45523614,,0.000,34435411.498,,,,,,,,